date,total_equity,capital
2021-01-01,10000.00,10000.00
2021-01-02,9999.01,10000.00
2021-01-03,9999.05,10000.00
2021-01-04,9990.80,10000.00
2021-01-05,10043.45,10000.00
2021-01-06,10043.43,10000.00
2021-01-07,10043.55,10000.00
2021-01-08,10043.54,10000.00
2021-01-09,10043.73,10000.00
2021-01-10,10043.78,10000.00
2021-01-11,10044.04,10000.00
2021-01-12,10044.54,10000.00
2021-01-13,10045.45,10000.00
2021-01-14,10046.50,10000.00
2021-01-15,10047.56,10000.00
2021-01-16,10047.46,10000.00
2021-01-17,10047.78,10000.00
2021-01-18,10047.74,10000.00
2021-01-19,10047.31,10000.00
2021-01-20,10047.67,10000.00
2021-01-21,10049.28,10000.00
2021-01-22,10049.37,10000.00
2021-01-23,10049.29,10000.00
2021-01-24,10049.50,10000.00
2021-01-25,10049.20,10000.00
2021-01-26,10049.66,10000.00
2021-01-27,10049.62,10000.00
2021-01-28,10049.66,10000.00
2021-01-29,10049.62,10000.00
2021-01-30,10050.33,10000.00
2021-01-31,10049.42,10000.00
2021-02-01,10049.73,10000.00
2021-02-02,10050.33,10000.00
2021-02-03,10050.14,10000.00
2021-02-04,10050.02,10000.00
2021-02-05,10049.91,10000.00
2021-02-06,10049.53,10000.00
2021-02-07,10049.34,10000.00
2021-02-08,10049.85,10000.00
2021-02-09,10049.57,10000.00
2021-02-10,10048.40,10000.00
2021-02-11,10048.22,10000.00
2021-02-12,10048.45,10000.00
2021-02-13,10048.37,10000.00
2021-02-14,10048.37,10000.00
2021-02-15,10048.78,10000.00
2021-02-16,10050.93,10000.00
2021-02-17,10050.07,10000.00
2021-02-18,10051.15,10000.00
2021-02-19,10051.22,10000.00
2021-02-20,10050.91,10000.00
2021-02-21,10051.43,10000.00
2021-02-22,10051.03,10000.00
2021-02-23,10050.78,10000.00
2021-02-24,10050.53,10000.00
2021-02-25,10049.77,10000.00
2021-02-26,10049.75,10000.00
2021-02-27,10050.15,10000.00
2021-02-28,10050.07,10000.00
2021-03-01,10049.74,10000.00
2021-03-02,10050.23,10000.00
2021-03-03,10050.06,10000.00
2021-03-04,10048.94,10000.00
2021-03-05,10048.94,10000.00
2021-03-06,10049.02,10000.00
2021-03-07,10049.01,10000.00
2021-03-08,10048.79,10000.00
2021-03-09,10048.31,10000.00
2021-03-10,10046.95,10000.00
2021-03-11,10046.75,10000.00
2021-03-12,10047.04,10000.00
2021-03-13,10048.65,10000.00
2021-03-14,10050.74,10000.00
2021-03-15,10051.29,10000.00
2021-03-16,10050.85,10000.00
2021-03-17,10051.58,10000.00
2021-03-18,10053.98,10000.00
2021-03-19,10053.51,10000.00
2021-03-20,10054.56,10000.00
2021-03-21,10054.31,10000.00
2021-03-22,10054.69,10000.00
2021-03-23,10053.84,10000.00
2021-03-24,10054.90,10000.00
2021-03-25,10054.05,10000.00
2021-03-26,10054.05,10000.00
2021-03-27,10054.55,10000.00
2021-03-28,10053.72,10000.00
2021-03-29,10053.86,10000.00
2021-03-30,10054.95,10000.00
2021-03-31,10054.63,10000.00
2021-04-01,10055.07,10000.00
2021-04-02,10055.05,10000.00
2021-04-03,10054.76,10000.00
2021-04-04,10054.39,10000.00
2021-04-05,10054.76,10000.00
2021-04-06,10054.77,10000.00
2021-04-07,10054.63,10000.00
2021-04-08,10054.50,10000.00
2021-04-09,10054.53,10000.00
2021-04-10,10054.92,10000.00
2021-04-11,10056.25,10000.00
2021-04-12,10056.81,10000.00
2021-04-13,10056.48,10000.00
2021-04-14,10056.97,10000.00
2021-04-15,10057.06,10000.00
2021-04-16,10056.89,10000.00
2021-04-17,10056.90,10000.00
2021-04-18,10056.02,10000.00
2021-04-19,10056.97,10000.00
2021-04-20,10055.39,10000.00
2021-04-21,10054.83,10000.00
2021-04-22,10053.86,10000.00
2021-04-23,10054.40,10000.00
2021-04-24,10054.18,10000.00
2021-04-25,10054.11,10000.00
2021-04-26,10054.91,10000.00
2021-04-27,10054.99,10000.00
2021-04-28,10056.09,10000.00
2021-04-29,10055.91,10000.00
2021-04-30,10055.83,10000.00
2021-05-01,10055.85,10000.00
2021-05-02,10054.64,10000.00
2021-05-03,10055.26,10000.00
2021-05-04,10055.62,10000.00
2021-05-05,10055.44,10000.00
2021-05-06,10056.08,10000.00
2021-05-07,10055.45,10000.00
2021-05-08,10054.99,10000.00
2021-05-09,10054.25,10000.00
2021-05-10,10054.22,10000.00
2021-05-11,10054.19,10000.00
2021-05-12,10053.59,10000.00
2021-05-13,10053.39,10000.00
2021-05-14,10053.37,10000.00
2021-05-15,10053.51,10000.00
2021-05-16,10053.77,10000.00
2021-05-17,10053.63,10000.00
2021-05-18,10054.01,10000.00
2021-05-19,10053.42,10000.00
2021-05-20,10053.47,10000.00
2021-05-21,10053.70,10000.00
2021-05-22,10053.34,10000.00
2021-05-23,10053.45,10000.00
2021-05-24,10053.81,10000.00
2021-05-25,10052.92,10000.00
2021-05-26,10053.07,10000.00
2021-05-27,10053.31,10000.00
2021-05-28,10053.46,10000.00
2021-05-29,10054.69,10000.00
2021-05-30,10054.34,10000.00
2021-05-31,10054.28,10000.00
2021-06-01,10053.81,10000.00
2021-06-02,10053.42,10000.00
2021-06-03,10053.83,10000.00
2021-06-04,10053.66,10000.00
2021-06-05,10053.69,10000.00
2021-06-06,10052.33,10000.00
2021-06-07,10053.83,10000.00
2021-06-08,10052.93,10000.00
2021-06-09,10053.09,10000.00
2021-06-10,10053.08,10000.00
2021-06-11,10052.41,10000.00
2021-06-12,10052.53,10000.00
2021-06-13,10052.50,10000.00
2021-06-14,10052.53,10000.00
2021-06-15,10051.70,10000.00
2021-06-16,10052.16,10000.00
2021-06-17,10052.96,10000.00
2021-06-18,10053.12,10000.00
2021-06-19,10052.93,10000.00
2021-06-20,10053.43,10000.00
2021-06-21,10054.90,10000.00
2021-06-22,10056.59,10000.00
2021-06-23,10056.48,10000.00
2021-06-24,10057.27,10000.00
2021-06-25,10057.13,10000.00
2021-06-26,10057.07,10000.00
2021-06-27,10056.87,10000.00
2021-06-28,10057.29,10000.00
2021-06-29,10056.70,10000.00
2021-06-30,10057.04,10000.00
2021-07-01,10057.08,10000.00
2021-07-02,10057.18,10000.00
2021-07-03,10057.22,10000.00
2021-07-04,10057.75,10000.00
2021-07-05,10057.36,10000.00
2021-07-06,10057.09,10000.00
2021-07-07,10056.50,10000.00
2021-07-08,10056.92,10000.00
2021-07-09,10056.88,10000.00
2021-07-10,10056.76,10000.00
2021-07-11,10057.01,10000.00
2021-07-12,10057.22,10000.00
2021-07-13,10056.97,10000.00
2021-07-14,10058.05,10000.00
2021-07-15,10056.89,10000.00
2021-07-16,10056.88,10000.00
2021-07-17,10056.82,10000.00
2021-07-18,10056.74,10000.00
2021-07-19,10056.45,10000.00
2021-07-20,10056.51,10000.00
2021-07-21,10056.40,10000.00
2021-07-22,10056.50,10000.00
2021-07-23,10056.40,10000.00
2021-07-24,10056.68,10000.00
2021-07-25,10055.77,10000.00
2021-07-26,10055.82,10000.00
2021-07-27,10055.95,10000.00
2021-07-28,10055.81,10000.00
2021-07-29,10055.91,10000.00
2021-07-30,10055.95,10000.00
2021-07-31,10055.87,10000.00
2021-08-01,10055.82,10000.00
2021-08-02,10056.34,10000.00
2021-08-03,10055.77,10000.00
2021-08-04,10055.78,10000.00
2021-08-05,10055.71,10000.00
2021-08-06,10055.67,10000.00
2021-08-07,10055.68,10000.00
2021-08-08,10055.81,10000.00
2021-08-09,10056.38,10000.00
2021-08-10,10056.18,10000.00
2021-08-11,10056.05,10000.00
2021-08-12,10056.02,10000.00
2021-08-13,10056.02,10000.00
2021-08-14,10055.89,10000.00
2021-08-15,10056.02,10000.00
2021-08-16,10055.79,10000.00
2021-08-17,10055.32,10000.00
2021-08-18,10053.20,10000.00
2021-08-19,10052.64,10000.00
2021-08-20,10052.68,10000.00
2021-08-21,10052.78,10000.00
2021-08-22,10052.73,10000.00
2021-08-23,10052.65,10000.00
2021-08-24,10053.03,10000.00
2021-08-25,10052.77,10000.00
2021-08-26,10052.66,10000.00
2021-08-27,10052.61,10000.00
2021-08-28,10052.70,10000.00
2021-08-29,10052.72,10000.00
2021-08-30,10054.31,10000.00
2021-08-31,10053.89,10000.00
2021-09-01,10052.53,10000.00
2021-09-02,10052.41,10000.00
2021-09-03,10052.47,10000.00
2021-09-04,10052.57,10000.00
2021-09-05,10052.42,10000.00
2021-09-06,10052.38,10000.00
2021-09-07,10052.36,10000.00
2021-09-08,10052.84,10000.00
2021-09-09,10052.51,10000.00
2021-09-10,10052.50,10000.00
2021-09-11,10052.44,10000.00
2021-09-12,10051.76,10000.00
2021-09-13,10052.45,10000.00
2021-09-14,10052.81,10000.00
2021-09-15,10053.12,10000.00
2021-09-16,10053.22,10000.00
2021-09-17,10053.15,10000.00
2021-09-18,10053.12,10000.00
2021-09-19,10053.36,10000.00
2021-09-20,10053.79,10000.00
2021-09-21,10053.71,10000.00
2021-09-22,10053.16,10000.00
2021-09-23,10053.18,10000.00
2021-09-24,10053.17,10000.00
2021-09-25,10052.82,10000.00
2021-09-26,10052.90,10000.00
2021-09-27,10052.81,10000.00
2021-09-28,10052.96,10000.00
2021-09-29,10053.63,10000.00
2021-09-30,10053.49,10000.00
2021-10-01,10053.55,10000.00
2021-10-02,10054.59,10000.00
2021-10-03,10054.10,10000.00
2021-10-04,10054.02,10000.00
2021-10-05,10054.37,10000.00
2021-10-06,10054.01,10000.00
2021-10-07,10054.53,10000.00
2021-10-08,10054.55,10000.00
2021-10-09,10054.51,10000.00
2021-10-10,10054.18,10000.00
2021-10-11,10053.98,10000.00
2021-10-12,10053.46,10000.00
2021-10-13,10053.35,10000.00
2021-10-14,10053.45,10000.00
2021-10-15,10053.45,10000.00
2021-10-16,10053.73,10000.00
2021-10-17,10055.11,10000.00
2021-10-18,10054.99,10000.00
2021-10-19,10054.90,10000.00
2021-10-20,10055.31,10000.00
2021-10-21,10056.26,10000.00
2021-10-22,10056.51,10000.00
2021-10-23,10056.57,10000.00
2021-10-24,10059.69,10000.00
2021-10-25,10060.52,10000.00
2021-10-26,10061.07,10000.00
2021-10-27,10060.73,10000.00
2021-10-28,10060.49,10000.00
2021-10-29,10060.66,10000.00
2021-10-30,10061.14,10000.00
2021-10-31,10061.06,10000.00
2021-11-01,10061.25,10000.00
2021-11-02,10062.04,10000.00
2021-11-03,10061.52,10000.00
2021-11-04,10061.31,10000.00
2021-11-05,10061.66,10000.00
2021-11-06,10061.58,10000.00
2021-11-07,10061.65,10000.00
2021-11-08,10061.99,10000.00
2021-11-09,10062.16,10000.00
2021-11-10,10063.27,10000.00
2021-11-11,10063.88,10000.00
2021-11-12,10063.74,10000.00
2021-11-13,10063.66,10000.00
2021-11-14,10063.05,10000.00
2021-11-15,10062.14,10000.00
2021-11-16,10064.44,10000.00
2021-11-17,10062.75,10000.00
2021-11-18,10063.20,10000.00
2021-11-19,10063.16,10000.00
2021-11-20,10063.97,10000.00
2021-11-21,10064.04,10000.00
2021-11-22,10062.32,10000.00
2021-11-23,10064.03,10000.00
2021-11-24,10063.89,10000.00
2021-11-25,10064.31,10000.00
2021-11-26,10064.37,10000.00
2021-11-27,10064.05,10000.00
2021-11-28,10063.84,10000.00
2021-11-29,10064.42,10000.00
2021-11-30,10064.45,10000.00
2021-12-01,10064.33,10000.00
2021-12-02,10065.29,10000.00
2021-12-03,10066.04,10000.00
2021-12-04,10066.61,10000.00
2021-12-05,10068.48,10000.00
2021-12-06,10070.64,10000.00
2021-12-07,10070.37,10000.00
2021-12-08,10069.89,10000.00
2021-12-09,10070.80,10000.00
2021-12-10,10070.32,10000.00
2021-12-11,10070.37,10000.00
2021-12-12,10067.83,10000.00
2021-12-13,10068.07,10000.00
2021-12-14,10069.51,10000.00
2021-12-15,10069.62,10000.00
2021-12-16,10068.54,10000.00
2021-12-17,10068.86,10000.00
2021-12-18,10068.01,10000.00
2021-12-19,10069.23,10000.00
2021-12-20,10068.86,10000.00
2021-12-21,10070.23,10000.00
2021-12-22,10070.46,10000.00
2021-12-23,10070.57,10000.00
2021-12-24,10070.29,10000.00
2021-12-25,10069.57,10000.00
2021-12-26,10070.18,10000.00
2021-12-27,10069.11,10000.00
2021-12-28,10069.99,10000.00
2021-12-29,10069.19,10000.00
2021-12-30,10068.65,10000.00
2021-12-31,10068.76,10000.00
2022-01-01,10068.89,10000.00
2022-01-02,10070.77,10000.00
2022-01-03,10071.59,10000.00
2022-01-04,10069.40,10000.00
2022-01-05,10070.77,10000.00
2022-01-06,10070.72,10000.00
2022-01-07,10070.57,10000.00
2022-01-08,10070.49,10000.00
2022-01-09,10073.55,10000.00
2022-01-10,10072.68,10000.00
2022-01-11,10073.17,10000.00
2022-01-12,10072.91,10000.00
2022-01-13,10069.41,10000.00
2022-01-14,10069.43,10000.00
2022-01-15,10068.35,10000.00
2022-01-16,10069.12,10000.00
2022-01-17,10069.75,10000.00
2022-01-18,10069.34,10000.00
2022-01-19,10067.87,10000.00
2022-01-20,10068.26,10000.00
2022-01-21,10068.29,10000.00
2022-01-22,10068.19,10000.00
2022-01-23,10066.19,10000.00
2022-01-24,10066.48,10000.00
2022-01-25,10066.65,10000.00
2022-01-26,10066.56,10000.00
2022-01-27,10068.39,10000.00
2022-01-28,10068.73,10000.00
2022-01-29,10068.59,10000.00
2022-01-30,10069.87,10000.00
2022-01-31,10069.58,10000.00
2022-02-01,10069.23,10000.00
2022-02-02,10069.69,10000.00
2022-02-03,10069.80,10000.00
2022-02-04,10069.59,10000.00
2022-02-05,10069.18,10000.00
2022-02-06,10069.30,10000.00
2022-02-07,10069.69,10000.00
2022-02-08,10070.99,10000.00
2022-02-09,10071.92,10000.00
2022-02-10,10073.73,10000.00
2022-02-11,10074.37,10000.00
2022-02-12,10074.89,10000.00
2022-02-13,10076.53,10000.00
2022-02-14,10076.26,10000.00
2022-02-15,10078.38,10000.00
2022-02-16,10078.48,10000.00
2022-02-17,10078.73,10000.00
2022-02-18,10078.25,10000.00
2022-02-19,10078.74,10000.00
2022-02-20,10078.35,10000.00
2022-02-21,10078.86,10000.00
2022-02-22,10078.43,10000.00
2022-02-23,10077.89,10000.00
2022-02-24,10077.36,10000.00
2022-02-25,10078.15,10000.00
2022-02-26,10078.32,10000.00
2022-02-27,10081.10,10000.00
2022-02-28,10083.62,10000.00
2022-03-01,10088.99,10000.00
2022-03-02,10087.79,10000.00
2022-03-03,10089.02,10000.00
2022-03-04,10088.57,10000.00
2022-03-05,10089.76,10000.00
2022-03-06,10094.75,10000.00
2022-03-07,10090.40,10000.00
2022-03-08,10092.64,10000.00
2022-03-09,10093.39,10000.00
2022-03-10,10094.75,10000.00
2022-03-11,10094.94,10000.00
2022-03-12,10095.51,10000.00
2022-03-13,10098.75,10000.00
2022-03-14,10098.05,10000.00
2022-03-15,10099.63,10000.00
2022-03-16,10098.07,10000.00
2022-03-17,10096.09,10000.00
2022-03-18,10092.18,10000.00
2022-03-19,10095.00,10000.00
2022-03-20,10094.17,10000.00
2022-03-21,10088.60,10000.00
2022-03-22,10094.44,10000.00
2022-03-23,10092.11,10000.00
2022-03-24,10090.30,10000.00
2022-03-25,10090.62,10000.00
2022-03-26,10093.88,10000.00
2022-03-27,10096.50,10000.00
2022-03-28,10096.57,10000.00
2022-03-29,10096.01,10000.00
2022-03-30,10097.34,10000.00
2022-03-31,10096.47,10000.00
2022-04-01,10096.21,10000.00
2022-04-02,10097.78,10000.00
2022-04-03,10096.25,10000.00
2022-04-04,10092.08,10000.00
2022-04-05,10092.54,10000.00
2022-04-06,10094.98,10000.00
2022-04-07,10094.44,10000.00
2022-04-08,10095.51,10000.00
2022-04-09,10095.93,10000.00
2022-04-10,10098.21,10000.00
2022-04-11,10095.72,10000.00
2022-04-12,10097.15,10000.00
2022-04-13,10096.60,10000.00
2022-04-14,10093.66,10000.00
2022-04-15,10090.54,10000.00
2022-04-16,10092.12,10000.00
2022-04-17,10089.93,10000.00
2022-04-18,10090.40,10000.00
2022-04-19,10087.87,10000.00
2022-04-20,10090.00,10000.00
2022-04-21,10090.40,10000.00
2022-04-22,10091.48,10000.00
2022-04-23,10091.54,10000.00
2022-04-24,10093.39,10000.00
2022-04-25,10093.06,10000.00
2022-04-26,10090.82,10000.00
2022-04-27,10091.12,10000.00
2022-04-28,10090.37,10000.00
2022-04-29,10090.08,10000.00
2022-04-30,10089.60,10000.00
2022-05-01,10090.42,10000.00
2022-05-02,10087.34,10000.00
2022-05-03,10084.99,10000.00
2022-05-04,10085.66,10000.00
2022-05-05,10089.42,10000.00
2022-05-06,10090.57,10000.00
2022-05-07,10090.64,10000.00
2022-05-08,10089.74,10000.00
2022-05-09,10088.93,10000.00
2022-05-10,10087.77,10000.00
2022-05-11,10089.69,10000.00
2022-05-12,10087.41,10000.00
2022-05-13,10087.40,10000.00
2022-05-14,10088.12,10000.00
2022-05-15,10089.52,10000.00
2022-05-16,10088.18,10000.00
2022-05-17,10092.85,10000.00
2022-05-18,10091.86,10000.00
2022-05-19,10093.52,10000.00
2022-05-20,10093.56,10000.00
2022-05-21,10092.87,10000.00
2022-05-22,10098.08,10000.00
2022-05-23,10096.79,10000.00
2022-05-24,10095.79,10000.00
2022-05-25,10094.53,10000.00
2022-05-26,10095.17,10000.00
2022-05-27,10095.90,10000.00
2022-05-28,10095.10,10000.00
2022-05-29,10096.02,10000.00
2022-05-30,10095.02,10000.00
2022-05-31,10094.25,10000.00
2022-06-01,10094.96,10000.00
2022-06-02,10094.17,10000.00
2022-06-03,10094.36,10000.00
2022-06-04,10094.36,10000.00
2022-06-05,10095.39,10000.00
2022-06-06,10097.18,10000.00
2022-06-07,10097.74,10000.00
2022-06-08,10097.39,10000.00
2022-06-09,10095.91,10000.00
2022-06-10,10095.91,10000.00
2022-06-11,10096.25,10000.00
2022-06-12,10096.12,10000.00
2022-06-13,10093.91,10000.00
2022-06-14,10094.88,10000.00
2022-06-15,10093.39,10000.00
2022-06-16,10092.66,10000.00
2022-06-17,10092.79,10000.00
2022-06-18,10093.25,10000.00
2022-06-19,10093.14,10000.00
2022-06-20,10091.75,10000.00
2022-06-21,10091.52,10000.00
2022-06-22,10091.46,10000.00
2022-06-23,10090.75,10000.00
2022-06-24,10090.88,10000.00
2022-06-25,10089.85,10000.00
2022-06-26,10086.86,10000.00
2022-06-27,10088.43,10000.00
2022-06-28,10087.44,10000.00
2022-06-29,10088.31,10000.00
2022-06-30,10087.03,10000.00
2022-07-01,10087.58,10000.00
2022-07-02,10089.37,10000.00
2022-07-03,10089.53,10000.00
2022-07-04,10088.74,10000.00
2022-07-05,10086.84,10000.00
2022-07-06,10083.78,10000.00
2022-07-07,10083.21,10000.00
2022-07-08,10084.80,10000.00
2022-07-09,10082.51,10000.00
2022-07-10,10083.28,10000.00
2022-07-11,10084.60,10000.00
2022-07-12,10084.26,10000.00
2022-07-13,10083.97,10000.00
2022-07-14,10084.48,10000.00
2022-07-15,10085.82,10000.00
2022-07-16,10087.38,10000.00
2022-07-17,10091.33,10000.00
2022-07-18,10091.60,10000.00
2022-07-19,10090.74,10000.00
2022-07-20,10090.61,10000.00
2022-07-21,10093.32,10000.00
2022-07-22,10093.78,10000.00
2022-07-23,10094.82,10000.00
2022-07-24,10094.14,10000.00
2022-07-25,10092.51,10000.00
2022-07-26,10092.04,10000.00
2022-07-27,10092.42,10000.00
2022-07-28,10094.52,10000.00
2022-07-29,10094.39,10000.00
2022-07-30,10094.87,10000.00
2022-07-31,10093.43,10000.00
2022-08-01,10092.81,10000.00
2022-08-02,10091.23,10000.00
2022-08-03,10091.99,10000.00
2022-08-04,10088.13,10000.00
2022-08-05,10087.26,10000.00
2022-08-06,10084.80,10000.00
2022-08-07,10080.61,10000.00
2022-08-08,10082.66,10000.00
2022-08-09,10081.68,10000.00
2022-08-10,10088.23,10000.00
2022-08-11,10087.38,10000.00
2022-08-12,10087.52,10000.00
2022-08-13,10085.32,10000.00
2022-08-14,10085.92,10000.00
2022-08-15,10087.17,10000.00
2022-08-16,10085.37,10000.00
2022-08-17,10084.10,10000.00
2022-08-18,10085.46,10000.00
2022-08-19,10086.08,10000.00
2022-08-20,10085.04,10000.00
2022-08-21,10086.03,10000.00
2022-08-22,10085.65,10000.00
2022-08-23,10087.78,10000.00
2022-08-24,10086.97,10000.00
2022-08-25,10090.67,10000.00
2022-08-26,10090.73,10000.00
2022-08-27,10090.86,10000.00
2022-08-28,10089.43,10000.00
2022-08-29,10085.98,10000.00
2022-08-30,10085.61,10000.00
2022-08-31,10085.96,10000.00
2022-09-01,10085.71,10000.00
2022-09-02,10085.56,10000.00
2022-09-03,10083.94,10000.00
2022-09-04,10085.74,10000.00
2022-09-05,10084.08,10000.00
2022-09-06,10084.59,10000.00
2022-09-07,10082.78,10000.00
2022-09-08,10080.54,10000.00
2022-09-09,10080.78,10000.00
2022-09-10,10081.43,10000.00
2022-09-11,10083.61,10000.00
2022-09-12,10084.25,10000.00
2022-09-13,10083.95,10000.00
2022-09-14,10084.73,10000.00
2022-09-15,10087.12,10000.00
2022-09-16,10086.59,10000.00
2022-09-17,10085.71,10000.00
2022-09-18,10084.80,10000.00
2022-09-19,10086.93,10000.00
2022-09-20,10088.32,10000.00
2022-09-21,10089.58,10000.00
2022-09-22,10089.79,10000.00
2022-09-23,10089.99,10000.00
2022-09-24,10090.15,10000.00
2022-09-25,10089.96,10000.00
2022-09-26,10090.88,10000.00
2022-09-27,10089.71,10000.00
2022-09-28,10091.76,10000.00
2022-09-29,10092.39,10000.00
2022-09-30,10092.46,10000.00
2022-10-01,10092.20,10000.00
2022-10-02,10090.03,10000.00
2022-10-03,10087.42,10000.00
2022-10-04,10087.26,10000.00
2022-10-05,10087.36,10000.00
2022-10-06,10088.70,10000.00
2022-10-07,10088.67,10000.00
2022-10-08,10089.42,10000.00
2022-10-09,10088.85,10000.00
2022-10-10,10088.76,10000.00
2022-10-11,10087.28,10000.00
2022-10-12,10086.90,10000.00
2022-10-13,10089.14,10000.00
2022-10-14,10089.85,10000.00
2022-10-15,10089.48,10000.00
2022-10-16,10092.68,10000.00
2022-10-17,10093.70,10000.00
2022-10-18,10094.24,10000.00
2022-10-19,10093.96,10000.00
2022-10-20,10095.03,10000.00
2022-10-21,10094.98,10000.00
2022-10-22,10095.60,10000.00
2022-10-23,10093.97,10000.00
2022-10-24,10094.01,10000.00
2022-10-25,10093.29,10000.00
2022-10-26,10094.84,10000.00
2022-10-27,10093.35,10000.00
2022-10-28,10093.70,10000.00
2022-10-29,10094.66,10000.00
2022-10-30,10096.55,10000.00
2022-10-31,10099.33,10000.00
2022-11-01,10098.98,10000.00
2022-11-02,10096.91,10000.00
2022-11-03,10096.11,10000.00
2022-11-04,10095.97,10000.00
2022-11-05,10095.32,10000.00
2022-11-06,10094.43,10000.00
2022-11-07,10096.03,10000.00
2022-11-08,10102.20,10000.00
2022-11-09,10102.51,10000.00
2022-11-10,10103.08,10000.00
2022-11-11,10103.27,10000.00
2022-11-12,10106.93,10000.00
2022-11-13,10115.38,10000.00
2022-11-14,10114.51,10000.00
2022-11-15,10117.04,10000.00
2022-11-16,10113.97,10000.00
2022-11-17,10117.71,10000.00
2022-11-18,10117.23,10000.00
2022-11-19,10116.41,10000.00
2022-11-20,10117.07,10000.00
2022-11-21,10118.92,10000.00
2022-11-22,10120.88,10000.00
2022-11-23,10124.99,10000.00
2022-11-24,10125.47,10000.00
2022-11-25,10124.25,10000.00
2022-11-26,10124.54,10000.00
2022-11-27,10119.59,10000.00
2022-11-28,10118.64,10000.00
2022-11-29,10122.43,10000.00
2022-11-30,10122.29,10000.00
2022-12-01,10124.02,10000.00
2022-12-02,10122.97,10000.00
2022-12-03,10123.81,10000.00
2022-12-04,10122.42,10000.00
2022-12-05,10122.57,10000.00
2022-12-06,10125.21,10000.00
2022-12-07,10123.55,10000.00
2022-12-08,10126.41,10000.00
2022-12-09,10126.47,10000.00
2022-12-10,10127.81,10000.00
2022-12-11,10123.90,10000.00
2022-12-12,10123.16,10000.00
2022-12-13,10127.77,10000.00
2022-12-14,10126.55,10000.00
2022-12-15,10128.04,10000.00
2022-12-16,10127.97,10000.00
2022-12-17,10131.11,10000.00
2022-12-18,10132.68,10000.00
2022-12-19,10132.74,10000.00
2022-12-20,10126.93,10000.00
2022-12-21,10124.25,10000.00
2022-12-22,10124.34,10000.00
2022-12-23,10123.89,10000.00
2022-12-24,10121.77,10000.00
2022-12-25,10121.41,10000.00
2022-12-26,10125.30,10000.00
2022-12-27,10126.11,10000.00
2022-12-28,10122.39,10000.00
2022-12-29,10120.90,10000.00
2022-12-30,10121.86,10000.00
2022-12-31,10120.28,10000.00
2023-01-01,10119.38,10000.00
2023-01-02,10120.21,10000.00
2023-01-03,10121.22,10000.00
2023-01-04,10123.58,10000.00
2023-01-05,10124.86,10000.00
2023-01-06,10124.85,10000.00
2023-01-07,10125.09,10000.00
2023-01-08,10128.83,10000.00
2023-01-09,10123.48,10000.00
2023-01-10,10121.63,10000.00
2023-01-11,10119.18,10000.00
2023-01-12,10121.28,10000.00
2023-01-13,10121.22,10000.00
2023-01-14,10121.18,10000.00
2023-01-15,10121.11,10000.00
2023-01-16,10123.19,10000.00
2023-01-17,10127.14,10000.00
2023-01-18,10126.60,10000.00
2023-01-19,10130.76,10000.00
2023-01-20,10131.10,10000.00
2023-01-21,10127.58,10000.00
2023-01-22,10128.95,10000.00
2023-01-23,10132.74,10000.00
2023-01-24,10130.25,10000.00
2023-01-25,10130.46,10000.00
2023-01-26,10131.29,10000.00
2023-01-27,10131.40,10000.00
2023-01-28,10129.12,10000.00
2023-01-29,10128.67,10000.00
2023-01-30,10127.99,10000.00
2023-01-31,10130.40,10000.00
2023-02-01,10131.36,10000.00
2023-02-02,10128.93,10000.00
2023-02-03,10127.19,10000.00
2023-02-04,10124.33,10000.00
2023-02-05,10128.06,10000.00
2023-02-06,10124.47,10000.00
2023-02-07,10123.26,10000.00
2023-02-08,10123.23,10000.00
2023-02-09,10122.96,10000.00
2023-02-10,10123.03,10000.00
2023-02-11,10123.10,10000.00
2023-02-12,10124.06,10000.00
2023-02-13,10122.29,10000.00
2023-02-14,10124.39,10000.00
2023-02-15,10123.28,10000.00
2023-02-16,10124.07,10000.00
2023-02-17,10124.17,10000.00
2023-02-18,10122.66,10000.00
2023-02-19,10122.41,10000.00
2023-02-20,10122.21,10000.00
2023-02-21,10123.19,10000.00
2023-02-22,10124.99,10000.00
2023-02-23,10122.76,10000.00
2023-02-24,10123.11,10000.00
2023-02-25,10122.87,10000.00
2023-02-26,10118.38,10000.00
2023-02-27,10115.21,10000.00
2023-02-28,10110.97,10000.00
2023-03-01,10111.35,10000.00
2023-03-02,10110.93,10000.00
2023-03-03,10112.61,10000.00
2023-03-04,10120.92,10000.00
2023-03-05,10112.73,10000.00
2023-03-06,10113.75,10000.00
2023-03-07,10117.26,10000.00
2023-03-08,10116.48,10000.00
2023-03-09,10113.35,10000.00
2023-03-10,10112.79,10000.00
2023-03-11,10107.45,10000.00
2023-03-12,10105.40,10000.00
2023-03-13,10109.58,10000.00
2023-03-14,10110.26,10000.00
2023-03-15,10107.66,10000.00
2023-03-16,10110.64,10000.00
2023-03-17,10110.96,10000.00
2023-03-18,10109.13,10000.00
2023-03-19,10110.58,10000.00
2023-03-20,10109.28,10000.00
2023-03-21,10113.51,10000.00
2023-03-22,10110.81,10000.00
2023-03-23,10110.66,10000.00
2023-03-24,10110.40,10000.00
2023-03-25,10112.62,10000.00
2023-03-26,10114.02,10000.00
2023-03-27,10113.97,10000.00
2023-03-28,10113.55,10000.00
2023-03-29,10113.82,10000.00
2023-03-30,10110.98,10000.00
2023-03-31,10109.19,10000.00
2023-04-01,10109.04,10000.00
2023-04-02,10109.09,10000.00
2023-04-03,10111.76,10000.00
2023-04-04,10109.12,10000.00
2023-04-05,10109.85,10000.00
2023-04-06,10110.42,10000.00
2023-04-07,10110.11,10000.00
2023-04-08,10104.94,10000.00
2023-04-09,10105.72,10000.00
2023-04-10,10103.03,10000.00
2023-04-11,10109.26,10000.00
2023-04-12,10106.20,10000.00
2023-04-13,10110.07,10000.00
2023-04-14,10111.94,10000.00
2023-04-15,10110.32,10000.00
2023-04-16,10111.27,10000.00
2023-04-17,10110.21,10000.00
2023-04-18,10110.58,10000.00
2023-04-19,10111.57,10000.00
2023-04-20,10111.06,10000.00
2023-04-21,10111.67,10000.00
2023-04-22,10111.81,10000.00
2023-04-23,10114.12,10000.00
2023-04-24,10120.24,10000.00
2023-04-25,10120.29,10000.00
2023-04-26,10120.50,10000.00
2023-04-27,10121.23,10000.00
2023-04-28,10121.25,10000.00
2023-04-29,10120.32,10000.00
2023-04-30,10121.57,10000.00
2023-05-01,10120.84,10000.00
2023-05-02,10120.74,10000.00
2023-05-03,10123.13,10000.00
2023-05-04,10123.49,10000.00
2023-05-05,10122.42,10000.00
2023-05-06,10120.85,10000.00
2023-05-07,10121.35,10000.00
2023-05-08,10123.49,10000.00
2023-05-09,10123.68,10000.00
2023-05-10,10129.77,10000.00
2023-05-11,10129.58,10000.00
2023-05-12,10131.27,10000.00
2023-05-13,10130.69,10000.00
2023-05-14,10129.38,10000.00
2023-05-15,10130.62,10000.00
2023-05-16,10130.10,10000.00
2023-05-17,10130.32,10000.00
2023-05-18,10130.03,10000.00
2023-05-19,10129.70,10000.00
2023-05-20,10133.14,10000.00
2023-05-21,10132.15,10000.00
2023-05-22,10133.45,10000.00
2023-05-23,10136.27,10000.00
2023-05-24,10138.22,10000.00
2023-05-25,10133.79,10000.00
2023-05-26,10134.36,10000.00
2023-05-27,10135.55,10000.00
2023-05-28,10135.99,10000.00
2023-05-29,10135.50,10000.00
2023-05-30,10134.39,10000.00
2023-05-31,10132.21,10000.00
2023-06-01,10130.70,10000.00
2023-06-02,10131.24,10000.00
2023-06-03,10132.20,10000.00
2023-06-04,10132.37,10000.00
2023-06-05,10131.93,10000.00
2023-06-06,10131.31,10000.00
2023-06-07,10128.08,10000.00
2023-06-08,10130.91,10000.00
2023-06-09,10132.15,10000.00
2023-06-10,10132.29,10000.00
2023-06-11,10136.80,10000.00
2023-06-12,10136.84,10000.00
2023-06-13,10135.20,10000.00
2023-06-14,10132.18,10000.00
2023-06-15,10132.64,10000.00
2023-06-16,10132.02,10000.00
2023-06-17,10132.14,10000.00
2023-06-18,10133.32,10000.00
2023-06-19,10131.14,10000.00
2023-06-20,10131.52,10000.00
2023-06-21,10131.24,10000.00
2023-06-22,10129.84,10000.00
2023-06-23,10128.87,10000.00
2023-06-24,10127.46,10000.00
2023-06-25,10131.91,10000.00
2023-06-26,10132.67,10000.00
2023-06-27,10133.95,10000.00
2023-06-28,10133.53,10000.00
2023-06-29,10133.64,10000.00
2023-06-30,10133.89,10000.00
2023-07-01,10134.92,10000.00
2023-07-02,10133.72,10000.00
2023-07-03,10132.29,10000.00
2023-07-04,10135.49,10000.00
2023-07-05,10136.18,10000.00
2023-07-06,10134.58,10000.00
2023-07-07,10134.80,10000.00
2023-07-08,10135.76,10000.00
2023-07-09,10134.84,10000.00
2023-07-10,10135.54,10000.00
2023-07-11,10137.88,10000.00
2023-07-12,10142.64,10000.00
2023-07-13,10144.15,10000.00
2023-07-14,10144.05,10000.00
2023-07-15,10145.66,10000.00
2023-07-16,10146.37,10000.00
2023-07-17,10144.28,10000.00
2023-07-18,10145.25,10000.00
2023-07-19,10145.82,10000.00
2023-07-20,10144.52,10000.00
2023-07-21,10144.45,10000.00
2023-07-22,10143.74,10000.00
2023-07-23,10144.00,10000.00
2023-07-24,10146.51,10000.00
2023-07-25,10145.30,10000.00
2023-07-26,10144.89,10000.00
2023-07-27,10144.11,10000.00
2023-07-28,10144.54,10000.00
2023-07-29,10145.96,10000.00
2023-07-30,10144.58,10000.00
2023-07-31,10144.53,10000.00
2023-08-01,10144.43,10000.00
2023-08-02,10142.32,10000.00
2023-08-03,10139.92,10000.00
2023-08-04,10139.13,10000.00
2023-08-05,10140.89,10000.00
2023-08-06,10141.63,10000.00
2023-08-07,10140.72,10000.00
2023-08-08,10141.55,10000.00
2023-08-09,10143.98,10000.00
2023-08-10,10143.26,10000.00
2023-08-11,10143.06,10000.00
2023-08-12,10145.83,10000.00
2023-08-13,10145.31,10000.00
2023-08-14,10146.66,10000.00
2023-08-15,10149.87,10000.00
2023-08-16,10144.84,10000.00
2023-08-17,10143.86,10000.00
2023-08-18,10143.97,10000.00
2023-08-19,10143.99,10000.00
2023-08-20,10142.80,10000.00
2023-08-21,10139.54,10000.00
2023-08-22,10140.81,10000.00
2023-08-23,10139.14,10000.00
2023-08-24,10143.52,10000.00
2023-08-25,10141.99,10000.00
2023-08-26,10140.05,10000.00
2023-08-27,10136.57,10000.00
2023-08-28,10138.33,10000.00
2023-08-29,10137.83,10000.00
2023-08-30,10139.06,10000.00
2023-08-31,10134.91,10000.00
2023-09-01,10135.41,10000.00
2023-09-02,10134.85,10000.00
2023-09-03,10135.77,10000.00
2023-09-04,10137.83,10000.00
2023-09-05,10138.33,10000.00
2023-09-06,10137.37,10000.00
2023-09-07,10137.23,10000.00
2023-09-08,10136.80,10000.00
2023-09-09,10137.75,10000.00
2023-09-10,10138.67,10000.00
2023-09-11,10138.14,10000.00
2023-09-12,10140.58,10000.00
2023-09-13,10142.19,10000.00
2023-09-14,10142.62,10000.00
2023-09-15,10142.53,10000.00
2023-09-16,10141.84,10000.00
2023-09-17,10141.93,10000.00
2023-09-18,10143.38,10000.00
2023-09-19,10143.01,10000.00
2023-09-20,10143.74,10000.00
2023-09-21,10142.21,10000.00
2023-09-22,10142.28,10000.00
2023-09-23,10141.80,10000.00
2023-09-24,10139.14,10000.00
2023-09-25,10138.55,10000.00
2023-09-26,10139.89,10000.00
2023-09-27,10135.56,10000.00
2023-09-28,10136.20,10000.00
2023-09-29,10136.24,10000.00
2023-09-30,10138.74,10000.00
2023-10-01,10140.86,10000.00
2023-10-02,10140.69,10000.00
2023-10-03,10145.30,10000.00
2023-10-04,10147.02,10000.00
2023-10-05,10148.82,10000.00
2023-10-06,10148.99,10000.00
2023-10-07,10150.06,10000.00
2023-10-08,10151.28,10000.00
2023-10-09,10148.03,10000.00
2023-10-10,10149.93,10000.00
2023-10-11,10148.26,10000.00
2023-10-12,10139.13,10000.00
2023-10-13,10137.19,10000.00
2023-10-14,10141.47,10000.00
2023-10-15,10141.73,10000.00
2023-10-16,10139.61,10000.00
2023-10-17,10137.41,10000.00
2023-10-18,10134.70,10000.00
2023-10-19,10133.03,10000.00
2023-10-20,10133.78,10000.00
2023-10-21,10135.19,10000.00
2023-10-22,10137.09,10000.00
2023-10-23,10134.85,10000.00
2023-10-24,10134.12,10000.00
2023-10-25,10136.69,10000.00
2023-10-26,10137.61,10000.00
2023-10-27,10138.21,10000.00
2023-10-28,10140.98,10000.00
2023-10-29,10140.67,10000.00
2023-10-30,10139.41,10000.00
2023-10-31,10136.61,10000.00
2023-11-01,10134.95,10000.00
2023-11-02,10136.21,10000.00
2023-11-03,10136.71,10000.00
2023-11-04,10137.10,10000.00
2023-11-05,10133.08,10000.00
2023-11-06,10128.22,10000.00
2023-11-07,10130.46,10000.00
2023-11-08,10127.89,10000.00
2023-11-09,10129.95,10000.00
2023-11-10,10128.89,10000.00
2023-11-11,10131.23,10000.00
2023-11-12,10132.61,10000.00
2023-11-13,10129.74,10000.00
2023-11-14,10128.24,10000.00
2023-11-15,10126.12,10000.00
2023-11-16,10121.42,10000.00
2023-11-17,10122.20,10000.00
2023-11-18,10120.84,10000.00
2023-11-19,10118.77,10000.00
2023-11-20,10119.53,10000.00
2023-11-21,10118.12,10000.00
2023-11-22,10113.30,10000.00
2023-11-23,10111.73,10000.00
2023-11-24,10111.28,10000.00
2023-11-25,10113.37,10000.00
2023-11-26,10114.85,10000.00
2023-11-27,10113.95,10000.00
2023-11-28,10117.09,10000.00
2023-11-29,10117.92,10000.00
2023-11-30,10117.47,10000.00
2023-12-01,10117.43,10000.00
2023-12-02,10117.00,10000.00
2023-12-03,10112.92,10000.00
2023-12-04,10117.96,10000.00
2023-12-05,10119.97,10000.00
2023-12-06,10118.74,10000.00
2023-12-07,10115.82,10000.00
2023-12-08,10115.80,10000.00
2023-12-09,10116.87,10000.00
2023-12-10,10117.19,10000.00
2023-12-11,10119.24,10000.00
2023-12-12,10118.57,10000.00
2023-12-13,10119.14,10000.00
2023-12-14,10116.83,10000.00
2023-12-15,10116.83,10000.00
2023-12-16,10114.83,10000.00
2023-12-17,10112.97,10000.00
2023-12-18,10114.36,10000.00
2023-12-19,10112.86,10000.00
2023-12-20,10112.09,10000.00
2023-12-21,10114.73,10000.00
2023-12-22,10114.98,10000.00
2023-12-23,10115.36,10000.00
