date,total_equity,capital
2021-01-01,100000.00,100000.00
2021-01-02,100000.00,100000.00
2021-01-03,100000.00,100000.00
2021-01-04,102159.26,100000.00
2021-01-05,101960.13,100000.00
2021-01-06,113049.43,100000.00
2021-01-07,113049.43,100000.00
2021-01-08,113049.43,100000.00
2021-01-09,112976.34,100000.00
2021-01-10,107410.64,100000.00
2021-01-11,107410.64,100000.00
2021-01-12,107107.09,100000.00
2021-01-13,105025.71,100000.00
2021-01-14,105025.71,100000.00
2021-01-15,104064.30,100000.00
2021-01-16,103875.86,100000.00
2021-01-17,103716.97,100000.00
2021-01-18,103563.29,100000.00
2021-01-19,103563.29,100000.00
2021-01-20,103563.29,100000.00
2021-01-21,103293.59,100000.00
2021-01-22,103293.59,100000.00
2021-01-23,103208.94,100000.00
2021-01-24,103057.87,100000.00
2021-01-25,103592.85,100000.00
2021-01-26,103592.85,100000.00
2021-01-27,107478.94,100000.00
2021-01-28,107297.10,100000.00
2021-01-29,117022.66,100000.00
2021-01-30,117022.66,100000.00
2021-01-31,121286.53,100000.00
2021-02-01,121148.48,100000.00
2021-02-02,125383.12,100000.00
2021-02-03,125383.12,100000.00
2021-02-04,125231.40,100000.00
2021-02-05,125239.26,100000.00
2021-02-06,125239.26,100000.00
2021-02-07,117684.54,100000.00
2021-02-08,124147.20,100000.00
2021-02-09,124147.20,100000.00
2021-02-10,121407.09,100000.00
2021-02-11,122683.61,100000.00
2021-02-12,122683.61,100000.00
2021-02-13,121966.87,100000.00
2021-02-14,123515.91,100000.00
2021-02-15,124261.07,100000.00
2021-02-16,127732.58,100000.00
2021-02-17,128254.03,100000.00
2021-02-18,128254.03,100000.00
2021-02-19,128578.04,100000.00
2021-02-20,128578.04,100000.00
2021-02-21,128578.04,100000.00
2021-02-22,120179.57,100000.00
2021-02-23,120179.57,100000.00
2021-02-24,119918.48,100000.00
2021-02-25,119594.57,100000.00
2021-02-26,119594.57,100000.00
2021-02-27,119253.43,100000.00
2021-02-28,119253.43,100000.00
2021-03-01,120009.89,100000.00
2021-03-02,120009.89,100000.00
2021-03-03,120465.12,100000.00
2021-03-04,120465.12,100000.00
2021-03-05,120465.12,100000.00
2021-03-06,120304.20,100000.00
2021-03-07,114701.92,100000.00
2021-03-08,114582.01,100000.00
2021-03-09,114582.01,100000.00
2021-03-10,114582.01,100000.00
2021-03-11,114582.01,100000.00
2021-03-12,108475.49,100000.00
2021-03-13,112802.41,100000.00
2021-03-14,112362.74,100000.00
2021-03-15,112362.74,100000.00
2021-03-16,112362.74,100000.00
2021-03-17,110016.68,100000.00
2021-03-18,110138.14,100000.00
2021-03-19,110120.06,100000.00
2021-03-20,110044.49,100000.00
2021-03-21,110044.49,100000.00
2021-03-22,111830.91,100000.00
2021-03-23,111724.02,100000.00
2021-03-24,115655.36,100000.00
2021-03-25,115655.36,100000.00
2021-03-26,116091.61,100000.00
2021-03-27,119689.07,100000.00
2021-03-28,120889.71,100000.00
2021-03-29,124052.93,100000.00
2021-03-30,124094.03,100000.00
2021-03-31,123841.99,100000.00
2021-04-01,123759.57,100000.00
2021-04-02,126079.67,100000.00
2021-04-03,126023.75,100000.00
2021-04-04,126023.75,100000.00
2021-04-05,125875.04,100000.00
2021-04-06,126897.47,100000.00
2021-04-07,126897.47,100000.00
2021-04-08,126824.70,100000.00
2021-04-09,127458.22,100000.00
2021-04-10,126777.78,100000.00
2021-04-11,126675.30,100000.00
2021-04-12,127908.57,100000.00
2021-04-13,128145.13,100000.00
2021-04-14,128145.13,100000.00
2021-04-15,128145.13,100000.00
2021-04-16,128073.84,100000.00
2021-04-17,127991.10,100000.00
2021-04-18,133258.70,100000.00
2021-04-19,133146.21,100000.00
2021-04-20,133008.65,100000.00
2021-04-21,132979.43,100000.00
2021-04-22,132841.86,100000.00
2021-04-23,132841.86,100000.00
2021-04-24,132714.41,100000.00
2021-04-25,132714.41,100000.00
2021-04-26,132714.41,100000.00
2021-04-27,132162.32,100000.00
2021-04-28,131988.95,100000.00
2021-04-29,134257.48,100000.00
2021-04-30,138572.31,100000.00
2021-05-01,138572.31,100000.00
2021-05-02,137503.62,100000.00
2021-05-03,138992.07,100000.00
2021-05-04,141703.16,100000.00
2021-05-05,143929.18,100000.00
2021-05-06,145779.35,100000.00
2021-05-07,147565.02,100000.00
2021-05-08,147565.02,100000.00
2021-05-09,147915.55,100000.00
2021-05-10,147829.83,100000.00
2021-05-11,147829.83,100000.00
2021-05-12,147759.82,100000.00
2021-05-13,147759.82,100000.00
2021-05-14,147616.52,100000.00
2021-05-15,147616.52,100000.00
2021-05-16,147472.31,100000.00
2021-05-17,147472.31,100000.00
2021-05-18,147280.02,100000.00
2021-05-19,147280.02,100000.00
2021-05-20,146924.65,100000.00
2021-05-21,146687.04,100000.00
2021-05-22,146436.55,100000.00
2021-05-23,146436.55,100000.00
2021-05-24,147495.19,100000.00
2021-05-25,147265.40,100000.00
2021-05-26,126800.33,100000.00
2021-05-27,126641.95,100000.00
2021-05-28,126641.95,100000.00
2021-05-29,126641.95,100000.00
2021-05-30,126476.42,100000.00
2021-05-31,135146.03,100000.00
2021-06-01,140448.33,100000.00
2021-06-02,140448.33,100000.00
2021-06-03,140606.88,100000.00
2021-06-04,140058.25,100000.00
2021-06-05,142370.50,100000.00
2021-06-06,142370.50,100000.00
2021-06-07,148157.49,100000.00
2021-06-08,148157.49,100000.00
2021-06-09,148846.21,100000.00
2021-06-10,157083.92,100000.00
2021-06-11,156926.43,100000.00
2021-06-12,161935.51,100000.00
2021-06-13,165598.40,100000.00
2021-06-14,165598.40,100000.00
2021-06-15,165598.40,100000.00
2021-06-16,160955.15,100000.00
2021-06-17,160864.54,100000.00
2021-06-18,160864.54,100000.00
2021-06-19,160864.54,100000.00
2021-06-20,160864.54,100000.00
2021-06-21,160729.90,100000.00
2021-06-22,160729.90,100000.00
2021-06-23,160431.96,100000.00
2021-06-24,160280.76,100000.00
2021-06-25,160431.35,100000.00
2021-06-26,160431.35,100000.00
2021-06-27,147378.02,100000.00
2021-06-28,147378.02,100000.00
2021-06-29,147378.02,100000.00
2021-06-30,141917.81,100000.00
2021-07-01,141917.81,100000.00
2021-07-02,141805.08,100000.00
2021-07-03,140622.56,100000.00
2021-07-04,142952.25,100000.00
2021-07-05,145147.09,100000.00
2021-07-06,145532.32,100000.00
2021-07-07,146431.45,100000.00
2021-07-08,146431.45,100000.00
2021-07-09,146431.45,100000.00
2021-07-10,146012.63,100000.00
2021-07-11,148563.81,100000.00
2021-07-12,150433.81,100000.00
2021-07-13,150433.81,100000.00
2021-07-14,150433.81,100000.00
2021-07-15,150325.19,100000.00
2021-07-16,150218.45,100000.00
2021-07-17,150218.45,100000.00
2021-07-18,147292.25,100000.00
2021-07-19,148942.33,100000.00
2021-07-20,148942.33,100000.00
2021-07-21,147550.11,100000.00
2021-07-22,147550.11,100000.00
2021-07-23,147813.95,100000.00
2021-07-24,147813.95,100000.00
2021-07-25,147813.95,100000.00
2021-07-26,147813.95,100000.00
2021-07-27,147693.59,100000.00
2021-07-28,147693.59,100000.00
2021-07-29,147693.59,100000.00
2021-07-30,132605.93,100000.00
2021-07-31,132788.16,100000.00
2021-08-01,132928.17,100000.00
2021-08-02,132928.17,100000.00
2021-08-03,132928.17,100000.00
2021-08-04,129607.53,100000.00
2021-08-05,131188.98,100000.00
2021-08-06,138668.17,100000.00
2021-08-07,137109.65,100000.00
2021-08-08,136992.63,100000.00
2021-08-09,140672.12,100000.00
2021-08-10,142188.70,100000.00
2021-08-11,142185.77,100000.00
2021-08-12,142103.64,100000.00
2021-08-13,143844.48,100000.00
2021-08-14,143584.97,100000.00
2021-08-15,144412.22,100000.00
2021-08-16,145568.49,100000.00
2021-08-17,145469.41,100000.00
2021-08-18,145376.57,100000.00
2021-08-19,145884.95,100000.00
2021-08-20,146262.87,100000.00
2021-08-21,146262.87,100000.00
2021-08-22,143464.03,100000.00
2021-08-23,143543.14,100000.00
2021-08-24,143485.47,100000.00
2021-08-25,143485.47,100000.00
2021-08-26,143390.87,100000.00
2021-08-27,142918.10,100000.00
2021-08-28,142042.75,100000.00
2021-08-29,142543.30,100000.00
2021-08-30,142478.69,100000.00
2021-08-31,142478.69,100000.00
2021-09-01,142410.46,100000.00
2021-09-02,142410.46,100000.00
2021-09-03,143761.33,100000.00
2021-09-04,143697.65,100000.00
2021-09-05,146962.84,100000.00
2021-09-06,147597.47,100000.00
2021-09-07,149553.92,100000.00
2021-09-08,149553.92,100000.00
2021-09-09,143743.97,100000.00
2021-09-10,146256.38,100000.00
2021-09-11,146182.23,100000.00
2021-09-12,146920.60,100000.00
2021-09-13,146810.55,100000.00
2021-09-14,147217.40,100000.00
2021-09-15,147217.40,100000.00
2021-09-16,147217.40,100000.00
2021-09-17,147143.66,100000.00
2021-09-18,143873.69,100000.00
2021-09-19,143815.06,100000.00
2021-09-20,143815.06,100000.00
2021-09-21,143815.06,100000.00
2021-09-22,136821.11,100000.00
2021-09-23,136965.15,100000.00
2021-09-24,139593.71,100000.00
2021-09-25,139593.71,100000.00
2021-09-26,139593.71,100000.00
2021-09-27,144059.55,100000.00
2021-09-28,146914.30,100000.00
2021-09-29,146399.46,100000.00
2021-09-30,146399.46,100000.00
2021-10-01,146840.80,100000.00
2021-10-02,146840.80,100000.00
2021-10-03,146840.80,100000.00
2021-10-04,146840.80,100000.00
2021-10-05,147380.74,100000.00
2021-10-06,136376.33,100000.00
2021-10-07,136320.66,100000.00
2021-10-08,136625.63,100000.00
2021-10-09,136652.19,100000.00
2021-10-10,136652.19,100000.00
2021-10-11,136652.19,100000.00
2021-10-12,135187.23,100000.00
2021-10-13,135187.23,100000.00
2021-10-14,135276.69,100000.00
2021-10-15,140204.95,100000.00
2021-10-16,140204.95,100000.00
2021-10-17,139257.70,100000.00
2021-10-18,139124.74,100000.00
2021-10-19,141536.26,100000.00
2021-10-20,141536.26,100000.00
2021-10-21,140305.11,100000.00
2021-10-22,140305.11,100000.00
2021-10-23,140305.11,100000.00
2021-10-24,140305.11,100000.00
2021-10-25,138549.99,100000.00
2021-10-26,138549.99,100000.00
2021-10-27,139980.54,100000.00
2021-10-28,140440.78,100000.00
2021-10-29,140440.78,100000.00
2021-10-30,140440.78,100000.00
2021-10-31,140373.02,100000.00
2021-11-01,140184.60,100000.00
2021-11-02,140482.50,100000.00
2021-11-03,139225.08,100000.00
2021-11-04,139131.03,100000.00
2021-11-05,139053.02,100000.00
2021-11-06,139053.02,100000.00
2021-11-07,139748.12,100000.00
2021-11-08,139748.12,100000.00
2021-11-09,134924.51,100000.00
2021-11-10,136352.86,100000.00
2021-11-11,136352.86,100000.00
2021-11-12,140659.69,100000.00
2021-11-13,141436.12,100000.00
2021-11-14,141436.12,100000.00
2021-11-15,141727.16,100000.00
2021-11-16,141727.16,100000.00
2021-11-17,141727.16,100000.00
2021-11-18,141627.60,100000.00
2021-11-19,141521.71,100000.00
2021-11-20,136055.56,100000.00
2021-11-21,135949.30,100000.00
2021-11-22,137325.41,100000.00
2021-11-23,137325.41,100000.00
2021-11-24,136306.07,100000.00
2021-11-25,136306.07,100000.00
2021-11-26,138796.84,100000.00
2021-11-27,138597.22,100000.00
2021-11-28,138597.22,100000.00
2021-11-29,139021.12,100000.00
2021-11-30,138908.94,100000.00
2021-12-01,138820.06,100000.00
2021-12-02,138820.06,100000.00
2021-12-03,138806.55,100000.00
2021-12-04,138806.55,100000.00
2021-12-05,138806.55,100000.00
2021-12-06,138672.14,100000.00
2021-12-07,134962.84,100000.00
2021-12-08,138099.24,100000.00
2021-12-09,137983.96,100000.00
2021-12-10,136733.61,100000.00
2021-12-11,136733.61,100000.00
2021-12-12,136817.84,100000.00
2021-12-13,137607.74,100000.00
2021-12-14,138222.64,100000.00
2021-12-15,139687.51,100000.00
2021-12-16,139582.99,100000.00
2021-12-17,139582.99,100000.00
2021-12-18,139487.45,100000.00
2021-12-19,140805.15,100000.00
2021-12-20,143585.62,100000.00
2021-12-21,147631.36,100000.00
2021-12-22,147423.79,100000.00
2021-12-23,151023.29,100000.00
2021-12-24,151023.29,100000.00
2021-12-25,150962.03,100000.00
2021-12-26,152364.08,100000.00
2021-12-27,152293.65,100000.00
2021-12-28,155947.37,100000.00
2021-12-29,155947.37,100000.00
2021-12-30,155873.18,100000.00
2021-12-31,155561.71,100000.00
2022-01-01,155561.71,100000.00
2022-01-02,155358.18,100000.00
2022-01-03,158148.84,100000.00
2022-01-04,159029.16,100000.00
2022-01-05,165521.58,100000.00
2022-01-06,165521.58,100000.00
2022-01-07,165521.58,100000.00
2022-01-08,165521.58,100000.00
2022-01-09,164461.44,100000.00
2022-01-10,167866.36,100000.00
2022-01-11,171386.78,100000.00
2022-01-12,171386.78,100000.00
2022-01-13,170066.85,100000.00
2022-01-14,170066.85,100000.00
2022-01-15,169980.43,100000.00
2022-01-16,169805.94,100000.00
2022-01-17,169745.40,100000.00
2022-01-18,167896.38,100000.00
2022-01-19,167720.71,100000.00
2022-01-20,167911.74,100000.00
2022-01-21,167911.74,100000.00
2022-01-22,179459.25,100000.00
2022-01-23,179330.97,100000.00
2022-01-24,179189.18,100000.00
2022-01-25,181058.96,100000.00
2022-01-26,183294.40,100000.00
2022-01-27,183294.40,100000.00
2022-01-28,187044.19,100000.00
2022-01-29,187187.57,100000.00
2022-01-30,187846.92,100000.00
2022-01-31,188328.99,100000.00
2022-02-01,188668.82,100000.00
2022-02-02,189511.99,100000.00
2022-02-03,189511.99,100000.00
2022-02-04,197448.43,100000.00
2022-02-05,194855.94,100000.00
2022-02-06,194855.94,100000.00
2022-02-07,195239.59,100000.00
2022-02-08,195239.59,100000.00
2022-02-09,194999.96,100000.00
2022-02-10,194929.57,100000.00
2022-02-11,194929.57,100000.00
2022-02-12,194853.60,100000.00
2022-02-13,194799.00,100000.00
2022-02-14,194719.90,100000.00
2022-02-15,194719.90,100000.00
2022-02-16,190294.99,100000.00
2022-02-17,190222.24,100000.00
2022-02-18,190222.24,100000.00
2022-02-19,190222.24,100000.00
2022-02-20,190222.24,100000.00
2022-02-21,180549.93,100000.00
2022-02-22,180549.93,100000.00
2022-02-23,183637.22,100000.00
2022-02-24,202795.72,100000.00
2022-02-25,202795.72,100000.00
2022-02-26,202795.72,100000.00
2022-02-27,202584.73,100000.00
2022-02-28,209476.30,100000.00
2022-03-01,209476.30,100000.00
2022-03-02,209476.30,100000.00
2022-03-03,204839.38,100000.00
2022-03-04,204839.38,100000.00
2022-03-05,197128.89,100000.00
2022-03-06,199750.07,100000.00
2022-03-07,200874.78,100000.00
2022-03-08,200764.73,100000.00
2022-03-09,200764.73,100000.00
2022-03-10,192213.91,100000.00
2022-03-11,194691.00,100000.00
2022-03-12,194621.98,100000.00
2022-03-13,194585.77,100000.00
2022-03-14,194495.95,100000.00
2022-03-15,197975.80,100000.00
2022-03-16,198312.29,100000.00
2022-03-17,198312.29,100000.00
2022-03-18,198312.29,100000.00
2022-03-19,198312.29,100000.00
2022-03-20,198425.70,100000.00
2022-03-21,195393.36,100000.00
2022-03-22,200340.78,100000.00
2022-03-23,204756.64,100000.00
2022-03-24,204756.64,100000.00
2022-03-25,204756.64,100000.00
2022-03-26,204756.64,100000.00
2022-03-27,204884.96,100000.00
2022-03-28,204884.96,100000.00
2022-03-29,204884.96,100000.00
2022-03-30,204884.96,100000.00
2022-03-31,195268.60,100000.00
2022-04-01,194748.49,100000.00
2022-04-02,195601.60,100000.00
2022-04-03,196823.00,100000.00
2022-04-04,198532.21,100000.00
2022-04-05,200966.78,100000.00
2022-04-06,200966.78,100000.00
2022-04-07,200966.78,100000.00
2022-04-08,197115.79,100000.00
2022-04-09,197115.79,100000.00
2022-04-10,195791.02,100000.00
2022-04-11,195791.02,100000.00
2022-04-12,203114.67,100000.00
2022-04-13,206113.29,100000.00
2022-04-14,205234.82,100000.00
2022-04-15,203044.81,100000.00
2022-04-16,203019.34,100000.00
2022-04-17,202944.50,100000.00
2022-04-18,203087.63,100000.00
2022-04-19,203087.63,100000.00
2022-04-20,203229.84,100000.00
2022-04-21,203510.40,100000.00
2022-04-22,205308.36,100000.00
2022-04-23,205271.36,100000.00
2022-04-24,205271.36,100000.00
2022-04-25,206947.49,100000.00
2022-04-26,211498.07,100000.00
2022-04-27,212921.64,100000.00
2022-04-28,212921.64,100000.00
2022-04-29,213500.10,100000.00
2022-04-30,213500.10,100000.00
2022-05-01,212400.22,100000.00
2022-05-02,212378.63,100000.00
2022-05-03,212378.63,100000.00
2022-05-04,214169.47,100000.00
2022-05-05,219441.12,100000.00
2022-05-06,219441.12,100000.00
2022-05-07,219441.12,100000.00
2022-05-08,219441.12,100000.00
2022-05-09,219441.12,100000.00
2022-05-10,219441.12,100000.00
2022-05-11,219234.86,100000.00
2022-05-12,219234.86,100000.00
2022-05-13,219282.83,100000.00
2022-05-14,219282.83,100000.00
2022-05-15,201337.80,100000.00
2022-05-16,201337.80,100000.00
2022-05-17,201334.03,100000.00
2022-05-18,201211.95,100000.00
2022-05-19,201211.95,100000.00
2022-05-20,207639.40,100000.00
2022-05-21,207578.35,100000.00
2022-05-22,211045.31,100000.00
2022-05-23,212922.67,100000.00
2022-05-24,212922.67,100000.00
2022-05-25,212859.64,100000.00
2022-05-26,212859.64,100000.00
2022-05-27,212859.64,100000.00
2022-05-28,212797.80,100000.00
2022-05-29,212861.32,100000.00
2022-05-30,212861.32,100000.00
2022-05-31,212861.32,100000.00
2022-06-01,209829.54,100000.00
2022-06-02,209829.54,100000.00
2022-06-03,209745.60,100000.00
2022-06-04,209745.60,100000.00
2022-06-05,208936.49,100000.00
2022-06-06,208936.49,100000.00
2022-06-07,217884.79,100000.00
2022-06-08,217884.79,100000.00
2022-06-09,217827.19,100000.00
2022-06-10,224156.25,100000.00
2022-06-11,224156.25,100000.00
2022-06-12,224156.25,100000.00
2022-06-13,224156.25,100000.00
2022-06-14,224156.25,100000.00
2022-06-15,224156.25,100000.00
2022-06-16,224032.53,100000.00
2022-06-17,224032.53,100000.00
2022-06-18,224032.53,100000.00
2022-06-19,223775.59,100000.00
2022-06-20,223775.59,100000.00
2022-06-21,223775.59,100000.00
2022-06-22,223775.59,100000.00
2022-06-23,190821.39,100000.00
2022-06-24,191221.25,100000.00
2022-06-25,191221.25,100000.00
2022-06-26,191142.69,100000.00
2022-06-27,191008.54,100000.00
2022-06-28,191980.57,100000.00
2022-06-29,191980.57,100000.00
2022-06-30,199510.12,100000.00
2022-07-01,204385.39,100000.00
2022-07-02,210272.76,100000.00
2022-07-03,211564.03,100000.00
2022-07-04,211795.02,100000.00
2022-07-05,211660.04,100000.00
2022-07-06,211660.04,100000.00
2022-07-07,211660.04,100000.00
2022-07-08,211660.04,100000.00
2022-07-09,211453.55,100000.00
2022-07-10,203525.40,100000.00
2022-07-11,203525.40,100000.00
2022-07-12,203525.40,100000.00
2022-07-13,198031.89,100000.00
2022-07-14,198003.48,100000.00
2022-07-15,198003.48,100000.00
2022-07-16,198420.81,100000.00
2022-07-17,192152.64,100000.00
2022-07-18,197938.61,100000.00
2022-07-19,197938.61,100000.00
2022-07-20,197938.61,100000.00
2022-07-21,197938.61,100000.00
2022-07-22,197799.20,100000.00
2022-07-23,197607.61,100000.00
2022-07-24,197524.76,100000.00
2022-07-25,197524.76,100000.00
2022-07-26,197524.76,100000.00
2022-07-27,193931.81,100000.00
2022-07-28,193931.81,100000.00
2022-07-29,184566.31,100000.00
2022-07-30,187472.04,100000.00
2022-07-31,187472.04,100000.00
2022-08-01,191446.29,100000.00
2022-08-02,190854.09,100000.00
2022-08-03,190781.10,100000.00
2022-08-04,192247.77,100000.00
2022-08-05,192171.92,100000.00
2022-08-06,192169.45,100000.00
2022-08-07,192129.84,100000.00
2022-08-08,196178.08,100000.00
2022-08-09,198306.26,100000.00
2022-08-10,200844.00,100000.00
2022-08-11,200844.00,100000.00
2022-08-12,201289.27,100000.00
2022-08-13,201289.27,100000.00
2022-08-14,205561.08,100000.00
2022-08-15,205484.37,100000.00
2022-08-16,208336.57,100000.00
2022-08-17,208081.64,100000.00
2022-08-18,208081.64,100000.00
2022-08-19,213589.89,100000.00
2022-08-20,213589.89,100000.00
2022-08-21,213589.89,100000.00
2022-08-22,213628.53,100000.00
2022-08-23,213556.43,100000.00
2022-08-24,208735.76,100000.00
2022-08-25,208701.12,100000.00
2022-08-26,210277.55,100000.00
2022-08-27,210277.55,100000.00
2022-08-28,210277.55,100000.00
2022-08-29,204163.40,100000.00
2022-08-30,205742.40,100000.00
2022-08-31,205647.46,100000.00
2022-09-01,205647.46,100000.00
2022-09-02,209455.05,100000.00
2022-09-03,209455.05,100000.00
2022-09-04,209455.05,100000.00
2022-09-05,209390.08,100000.00
2022-09-06,212194.80,100000.00
2022-09-07,212627.65,100000.00
2022-09-08,212534.70,100000.00
2022-09-09,212534.70,100000.00
2022-09-10,212534.70,100000.00
2022-09-11,212534.70,100000.00
2022-09-12,212534.70,100000.00
2022-09-13,194362.81,100000.00
2022-09-14,194362.81,100000.00
2022-09-15,194362.81,100000.00
2022-09-16,194362.81,100000.00
2022-09-17,184793.85,100000.00
2022-09-18,185483.18,100000.00
2022-09-19,185483.18,100000.00
2022-09-20,185355.36,100000.00
2022-09-21,182250.34,100000.00
2022-09-22,182142.89,100000.00
2022-09-23,183010.75,100000.00
2022-09-24,182898.41,100000.00
2022-09-25,182851.78,100000.00
2022-09-26,182891.74,100000.00
2022-09-27,183121.09,100000.00
2022-09-28,183003.09,100000.00
2022-09-29,183003.09,100000.00
2022-09-30,186822.11,100000.00
2022-10-01,189802.85,100000.00
2022-10-02,189802.85,100000.00
2022-10-03,190212.59,100000.00
2022-10-04,190212.59,100000.00
2022-10-05,187619.20,100000.00
2022-10-06,187619.20,100000.00
2022-10-07,187619.20,100000.00
2022-10-08,187619.20,100000.00
2022-10-09,185722.58,100000.00
2022-10-10,186497.75,100000.00
2022-10-11,186497.75,100000.00
2022-10-12,186455.99,100000.00
2022-10-13,186455.99,100000.00
2022-10-14,186509.87,100000.00
2022-10-15,186509.87,100000.00
2022-10-16,186324.35,100000.00
2022-10-17,186324.35,100000.00
2022-10-18,185762.15,100000.00
2022-10-19,185762.15,100000.00
2022-10-20,185213.75,100000.00
2022-10-21,186746.68,100000.00
2022-10-22,188048.63,100000.00
2022-10-23,190053.81,100000.00
2022-10-24,190053.81,100000.00
2022-10-25,190204.44,100000.00
2022-10-26,190204.44,100000.00
2022-10-27,185984.28,100000.00
2022-10-28,186595.28,100000.00
2022-10-29,186649.97,100000.00
2022-10-30,186649.97,100000.00
2022-10-31,186591.37,100000.00
2022-11-01,186544.79,100000.00
2022-11-02,187925.88,100000.00
2022-11-03,187925.88,100000.00
2022-11-04,189857.25,100000.00
2022-11-05,189857.25,100000.00
2022-11-06,189857.25,100000.00
2022-11-07,188266.31,100000.00
2022-11-08,188266.31,100000.00
2022-11-09,188266.31,100000.00
2022-11-10,172804.62,100000.00
2022-11-11,175426.80,100000.00
2022-11-12,175426.80,100000.00
2022-11-13,175426.80,100000.00
2022-11-14,175266.18,100000.00
2022-11-15,175820.37,100000.00
2022-11-16,178396.99,100000.00
2022-11-17,178396.99,100000.00
2022-11-18,180617.44,100000.00
2022-11-19,180585.87,100000.00
2022-11-20,182348.31,100000.00
2022-11-21,182348.31,100000.00
2022-11-22,179844.27,100000.00
2022-11-23,180014.30,100000.00
2022-11-24,180014.30,100000.00
2022-11-25,178341.24,100000.00
2022-11-26,179646.97,100000.00
2022-11-27,179626.83,100000.00
2022-11-28,180526.91,100000.00
2022-11-29,180516.10,100000.00
2022-11-30,179188.54,100000.00
2022-12-01,179679.02,100000.00
2022-12-02,179596.61,100000.00
2022-12-03,179554.60,100000.00
2022-12-04,179860.57,100000.00
2022-12-05,179708.98,100000.00
2022-12-06,179708.98,100000.00
2022-12-07,181338.97,100000.00
2022-12-08,182260.04,100000.00
2022-12-09,181078.26,100000.00
2022-12-10,181140.09,100000.00
2022-12-11,181428.31,100000.00
2022-12-12,181601.82,100000.00
2022-12-13,181701.13,100000.00
2022-12-14,181701.13,100000.00
2022-12-15,180299.45,100000.00
2022-12-16,182813.13,100000.00
2022-12-17,182813.13,100000.00
2022-12-18,181234.37,100000.00
2022-12-19,181173.36,100000.00
2022-12-20,182764.28,100000.00
2022-12-21,182786.03,100000.00
2022-12-22,182757.88,100000.00
2022-12-23,182723.10,100000.00
2022-12-24,182708.96,100000.00
2022-12-25,182708.96,100000.00
2022-12-26,182702.21,100000.00
2022-12-27,185504.81,100000.00
2022-12-28,185504.81,100000.00
2022-12-29,185472.60,100000.00
2022-12-30,185472.60,100000.00
2022-12-31,185455.17,100000.00
2023-01-01,185455.17,100000.00
2023-01-02,184958.80,100000.00
2023-01-03,185088.48,100000.00
2023-01-04,185921.63,100000.00
2023-01-05,185869.29,100000.00
2023-01-06,187062.43,100000.00
2023-01-07,187092.01,100000.00
2023-01-08,187092.01,100000.00
2023-01-09,187092.01,100000.00
2023-01-10,187092.01,100000.00
2023-01-11,184474.99,100000.00
2023-01-12,189205.55,100000.00
2023-01-13,189205.55,100000.00
2023-01-14,189205.55,100000.00
2023-01-15,189205.55,100000.00
2023-01-16,189205.55,100000.00
2023-01-17,189219.08,100000.00
2023-01-18,174569.85,100000.00
2023-01-19,174572.81,100000.00
2023-01-20,174572.81,100000.00
2023-01-21,174572.81,100000.00
2023-01-22,168527.22,100000.00
2023-01-23,168470.01,100000.00
2023-01-24,168410.71,100000.00
2023-01-25,170072.18,100000.00
2023-01-26,170072.18,100000.00
2023-01-27,170547.98,100000.00
2023-01-28,170547.98,100000.00
2023-01-29,171876.76,100000.00
2023-01-30,171229.10,100000.00
2023-01-31,170669.53,100000.00
2023-02-01,170636.83,100000.00
2023-02-02,170725.36,100000.00
2023-02-03,170725.36,100000.00
2023-02-04,170712.19,100000.00
2023-02-05,170629.35,100000.00
2023-02-06,169901.22,100000.00
2023-02-07,169862.26,100000.00
2023-02-08,169517.09,100000.00
2023-02-09,169517.09,100000.00
2023-02-10,169517.09,100000.00
2023-02-11,169517.09,100000.00
2023-02-12,164989.37,100000.00
2023-02-13,165991.29,100000.00
2023-02-14,167453.36,100000.00
2023-02-15,167453.36,100000.00
2023-02-16,167453.36,100000.00
2023-02-17,161540.02,100000.00
2023-02-18,161613.04,100000.00
2023-02-19,161613.04,100000.00
2023-02-20,161527.78,100000.00
2023-02-21,161527.78,100000.00
2023-02-22,160999.86,100000.00
2023-02-23,160916.69,100000.00
2023-02-24,160916.69,100000.00
2023-02-25,160916.69,100000.00
2023-02-26,158562.34,100000.00
2023-02-27,158562.34,100000.00
2023-02-28,158461.32,100000.00
2023-03-01,158199.86,100000.00
2023-03-02,158131.86,100000.00
2023-03-03,158131.86,100000.00
2023-03-04,158131.86,100000.00
2023-03-05,154090.74,100000.00
2023-03-06,154205.42,100000.00
2023-03-07,154961.74,100000.00
2023-03-08,154961.74,100000.00
2023-03-09,154961.74,100000.00
2023-03-10,154961.74,100000.00
2023-03-11,154862.08,100000.00
2023-03-12,150001.97,100000.00
2023-03-13,150001.97,100000.00
2023-03-14,150001.97,100000.00
2023-03-15,149838.61,100000.00
2023-03-16,149749.06,100000.00
2023-03-17,149749.06,100000.00
2023-03-18,149749.06,100000.00
2023-03-19,150008.66,100000.00
2023-03-20,150008.66,100000.00
2023-03-21,149965.91,100000.00
2023-03-22,126518.84,100000.00
2023-03-23,129103.39,100000.00
2023-03-24,130749.90,100000.00
2023-03-25,130749.90,100000.00
2023-03-26,131232.53,100000.00
2023-03-27,132891.66,100000.00
2023-03-28,133089.52,100000.00
2023-03-29,133089.52,100000.00
2023-03-30,131667.31,100000.00
2023-03-31,131583.12,100000.00
2023-04-01,131583.12,100000.00
2023-04-02,131544.87,100000.00
2023-04-03,131472.83,100000.00
2023-04-04,131413.83,100000.00
2023-04-05,134293.29,100000.00
2023-04-06,134293.29,100000.00
2023-04-07,134293.29,100000.00
2023-04-08,134239.08,100000.00
2023-04-09,134175.23,100000.00
2023-04-10,134175.23,100000.00
2023-04-11,134175.23,100000.00
2023-04-12,129521.91,100000.00
2023-04-13,130515.80,100000.00
2023-04-14,131040.76,100000.00
2023-04-15,131040.76,100000.00
2023-04-16,131165.51,100000.00
2023-04-17,131931.90,100000.00
2023-04-18,132823.79,100000.00
2023-04-19,135047.63,100000.00
2023-04-20,135047.63,100000.00
2023-04-21,135047.63,100000.00
2023-04-22,130818.34,100000.00
2023-04-23,130545.30,100000.00
2023-04-24,132056.39,100000.00
2023-04-25,132637.40,100000.00
2023-04-26,132637.40,100000.00
2023-04-27,132446.75,100000.00
2023-04-28,132446.75,100000.00
2023-04-29,128368.57,100000.00
2023-04-30,129450.31,100000.00
2023-05-01,131716.46,100000.00
2023-05-02,130464.32,100000.00
2023-05-03,131430.12,100000.00
2023-05-04,132079.77,100000.00
2023-05-05,133056.28,100000.00
2023-05-06,134470.30,100000.00
2023-05-07,134470.30,100000.00
2023-05-08,134470.30,100000.00
2023-05-09,134470.30,100000.00
2023-05-10,133091.82,100000.00
2023-05-11,135199.12,100000.00
2023-05-12,134060.20,100000.00
2023-05-13,133978.14,100000.00
2023-05-14,134939.28,100000.00
2023-05-15,134939.28,100000.00
2023-05-16,134522.90,100000.00
2023-05-17,136213.27,100000.00
2023-05-18,136979.65,100000.00
2023-05-19,136979.65,100000.00
2023-05-20,136689.33,100000.00
2023-05-21,136751.23,100000.00
2023-05-22,136705.62,100000.00
2023-05-23,138004.04,100000.00
2023-05-24,139505.12,100000.00
2023-05-25,138659.34,100000.00
2023-05-26,138603.90,100000.00
2023-05-27,138603.90,100000.00
2023-05-28,138603.90,100000.00
2023-05-29,135488.10,100000.00
2023-05-30,135441.16,100000.00
2023-05-31,135441.16,100000.00
2023-06-01,135441.16,100000.00
2023-06-02,134030.15,100000.00
2023-06-03,134222.18,100000.00
2023-06-04,134197.47,100000.00
2023-06-05,134444.11,100000.00
2023-06-06,131763.37,100000.00
2023-06-07,132100.29,100000.00
2023-06-08,132036.84,100000.00
2023-06-09,131985.76,100000.00
2023-06-10,133103.43,100000.00
2023-06-11,134118.82,100000.00
2023-06-12,134069.93,100000.00
2023-06-13,134596.14,100000.00
2023-06-14,134531.66,100000.00
2023-06-15,133985.97,100000.00
2023-06-16,133912.66,100000.00
2023-06-17,133912.66,100000.00
2023-06-18,133912.66,100000.00
2023-06-19,134043.93,100000.00
2023-06-20,134043.93,100000.00
2023-06-21,134043.93,100000.00
2023-06-22,122946.86,100000.00
2023-06-23,125892.10,100000.00
2023-06-24,127461.67,100000.00
2023-06-25,128331.65,100000.00
2023-06-26,130016.31,100000.00
2023-06-27,131366.53,100000.00
2023-06-28,131366.53,100000.00
2023-06-29,131505.32,100000.00
2023-06-30,133002.93,100000.00
2023-07-01,134122.53,100000.00
2023-07-02,134235.18,100000.00
2023-07-03,134235.18,100000.00
2023-07-04,133910.05,100000.00
2023-07-05,133910.05,100000.00
2023-07-06,134927.18,100000.00
2023-07-07,134874.97,100000.00
2023-07-08,137080.83,100000.00
2023-07-09,137052.10,100000.00
2023-07-10,138677.53,100000.00
2023-07-11,138677.53,100000.00
2023-07-12,138677.53,100000.00
2023-07-13,138647.06,100000.00
2023-07-14,140165.16,100000.00
2023-07-15,140165.16,100000.00
2023-07-16,140142.70,100000.00
2023-07-17,140142.70,100000.00
2023-07-18,140142.70,100000.00
2023-07-19,140055.09,100000.00
2023-07-20,140323.76,100000.00
2023-07-21,140291.96,100000.00
2023-07-22,140291.96,100000.00
2023-07-23,140267.26,100000.00
2023-07-24,142290.41,100000.00
2023-07-25,141903.01,100000.00
2023-07-26,141942.37,100000.00
2023-07-27,141942.37,100000.00
2023-07-28,141910.40,100000.00
2023-07-29,141910.40,100000.00
2023-07-30,141617.96,100000.00
2023-07-31,141575.97,100000.00
2023-08-01,141588.25,100000.00
2023-08-02,141588.25,100000.00
2023-08-03,142329.79,100000.00
2023-08-04,142777.29,100000.00
2023-08-05,142777.29,100000.00
2023-08-06,142748.35,100000.00
2023-08-07,142748.35,100000.00
2023-08-08,143964.74,100000.00
2023-08-09,143964.74,100000.00
2023-08-10,143964.74,100000.00
2023-08-11,143964.74,100000.00
2023-08-12,143959.15,100000.00
2023-08-13,143959.15,100000.00
2023-08-14,145205.03,100000.00
2023-08-15,146283.37,100000.00
2023-08-16,146283.37,100000.00
2023-08-17,146283.37,100000.00
2023-08-18,146283.37,100000.00
2023-08-19,138488.34,100000.00
2023-08-20,138419.66,100000.00
2023-08-21,138419.66,100000.00
2023-08-22,138783.52,100000.00
2023-08-23,140196.45,100000.00
2023-08-24,141149.09,100000.00
2023-08-25,141149.09,100000.00
2023-08-26,141149.09,100000.00
2023-08-27,141331.07,100000.00
2023-08-28,141296.32,100000.00
2023-08-29,141261.24,100000.00
2023-08-30,138200.78,100000.00
2023-08-31,138161.74,100000.00
2023-09-01,138161.74,100000.00
2023-09-02,134608.58,100000.00
2023-09-03,134672.86,100000.00
2023-09-04,134672.86,100000.00
2023-09-05,134672.86,100000.00
2023-09-06,135201.84,100000.00
2023-09-07,135896.64,100000.00
2023-09-08,135908.44,100000.00
2023-09-09,135908.44,100000.00
2023-09-10,135908.44,100000.00
2023-09-11,135866.98,100000.00
2023-09-12,135387.40,100000.00
2023-09-13,135387.40,100000.00
2023-09-14,135387.40,100000.00
2023-09-15,133389.88,100000.00
2023-09-16,133389.88,100000.00
2023-09-17,133351.90,100000.00
2023-09-18,134085.32,100000.00
2023-09-19,134188.50,100000.00
2023-09-20,134142.16,100000.00
2023-09-21,133824.37,100000.00
2023-09-22,133605.48,100000.00
2023-09-23,133590.87,100000.00
2023-09-24,133967.47,100000.00
2023-09-25,133498.66,100000.00
2023-09-26,133498.66,100000.00
2023-09-27,133568.43,100000.00
2023-09-28,133524.70,100000.00
2023-09-29,132062.30,100000.00
2023-09-30,132236.90,100000.00
2023-10-01,132257.80,100000.00
2023-10-02,130223.94,100000.00
2023-10-03,130223.94,100000.00
2023-10-04,129528.34,100000.00
2023-10-05,129528.34,100000.00
2023-10-06,129494.73,100000.00
2023-10-07,129494.73,100000.00
2023-10-08,129494.73,100000.00
2023-10-09,129557.92,100000.00
2023-10-10,129533.23,100000.00
2023-10-11,129533.23,100000.00
2023-10-12,129533.23,100000.00
2023-10-13,128351.95,100000.00
2023-10-14,128351.95,100000.00
2023-10-15,128315.54,100000.00
2023-10-16,128315.54,100000.00
2023-10-17,128315.54,100000.00
2023-10-18,128315.54,100000.00
2023-10-19,128448.09,100000.00
2023-10-20,128448.09,100000.00
2023-10-21,128448.09,100000.00
2023-10-22,128448.09,100000.00
2023-10-23,128410.22,100000.00
2023-10-24,128410.22,100000.00
2023-10-25,128410.22,100000.00
2023-10-26,110856.10,100000.00
2023-10-27,110856.10,100000.00
2023-10-28,110819.75,100000.00
2023-10-29,110897.75,100000.00
2023-10-30,110845.24,100000.00
2023-10-31,110788.79,100000.00
2023-11-01,113646.83,100000.00
2023-11-02,114124.57,100000.00
2023-11-03,114124.57,100000.00
2023-11-04,114124.30,100000.00
2023-11-05,114576.35,100000.00
2023-11-06,114455.21,100000.00
2023-11-07,115291.34,100000.00
2023-11-08,115221.36,100000.00
2023-11-09,115221.36,100000.00
2023-11-10,115221.36,100000.00
2023-11-11,115194.10,100000.00
2023-11-12,115156.73,100000.00
2023-11-13,112661.54,100000.00
2023-11-14,112661.54,100000.00
2023-11-15,111602.79,100000.00
2023-11-16,110918.04,100000.00
2023-11-17,110918.04,100000.00
2023-11-18,110827.90,100000.00
2023-11-19,110925.91,100000.00
2023-11-20,109760.10,100000.00
2023-11-21,110462.19,100000.00
2023-11-22,110847.33,100000.00
2023-11-23,110946.93,100000.00
2023-11-24,111824.24,100000.00
2023-11-25,111824.24,100000.00
2023-11-26,112192.77,100000.00
2023-11-27,112192.77,100000.00
2023-11-28,113223.57,100000.00
2023-11-29,113223.57,100000.00
2023-11-30,113179.28,100000.00
2023-12-01,113329.39,100000.00
2023-12-02,113329.39,100000.00
2023-12-03,113329.39,100000.00
2023-12-04,113329.39,100000.00
2023-12-05,113329.39,100000.00
2023-12-06,113329.39,100000.00
2023-12-07,105581.35,100000.00
2023-12-08,105531.06,100000.00
2023-12-09,105453.37,100000.00
2023-12-10,105391.26,100000.00
2023-12-11,105391.26,100000.00
2023-12-12,105391.26,100000.00
2023-12-13,104014.02,100000.00
2023-12-14,104014.02,100000.00
2023-12-15,103901.54,100000.00
2023-12-16,103880.30,100000.00
2023-12-17,103927.38,100000.00
2023-12-18,103927.38,100000.00
2023-12-19,103504.74,100000.00
2023-12-20,105428.02,100000.00
2023-12-21,105428.02,100000.00
2023-12-22,105428.02,100000.00
2023-12-23,105352.86,100000.00
2023-12-24,105913.18,100000.00
2023-12-25,105973.21,100000.00
2023-12-26,106982.52,100000.00
2023-12-27,107196.45,100000.00
2023-12-28,107196.45,100000.00
2023-12-29,108299.59,100000.00
2023-12-30,108243.51,100000.00
2023-12-31,108945.53,100000.00
2024-01-01,111343.32,100000.00
2024-01-02,111343.32,100000.00
2024-01-03,113111.65,100000.00
2024-01-04,115220.53,100000.00
2024-01-05,115129.86,100000.00
2024-01-06,115045.15,100000.00
2024-01-07,115045.15,100000.00
2024-01-08,117803.53,100000.00
2024-01-09,116311.90,100000.00
2024-01-10,116311.90,100000.00
2024-01-11,116896.53,100000.00
2024-01-12,120471.02,100000.00
2024-01-13,120471.02,100000.00
2024-01-14,120471.02,100000.00
2024-01-15,119293.08,100000.00
2024-01-16,119293.08,100000.00
2024-01-17,119293.08,100000.00
2024-01-18,120965.47,100000.00
2024-01-19,120965.47,100000.00
2024-01-20,120920.67,100000.00
2024-01-21,120920.67,100000.00
2024-01-22,120920.67,100000.00
2024-01-23,120920.67,100000.00
2024-01-24,118585.08,100000.00
2024-01-25,118585.08,100000.00
2024-01-26,120918.93,100000.00
2024-01-27,120918.93,100000.00
2024-01-28,119815.03,100000.00
2024-01-29,121195.52,100000.00
2024-01-30,121243.75,100000.00
2024-01-31,122056.28,100000.00
2024-02-01,122056.28,100000.00
2024-02-02,122886.99,100000.00
2024-02-03,122857.69,100000.00
2024-02-04,122857.69,100000.00
2024-02-05,122811.57,100000.00
2024-02-06,123222.68,100000.00
2024-02-07,123149.48,100000.00
2024-02-08,123149.48,100000.00
2024-02-09,123149.48,100000.00
2024-02-10,123149.48,100000.00
2024-02-11,123149.48,100000.00
2024-02-12,123387.38,100000.00
2024-02-13,115188.24,100000.00
2024-02-14,118388.18,100000.00
2024-02-15,118388.18,100000.00
2024-02-16,118354.34,100000.00
2024-02-17,117796.78,100000.00
2024-02-18,117796.78,100000.00
2024-02-19,118323.06,100000.00
2024-02-20,118271.29,100000.00
2024-02-21,119176.89,100000.00
2024-02-22,119359.81,100000.00
2024-02-23,119359.81,100000.00
2024-02-24,121250.20,100000.00
2024-02-25,121250.20,100000.00
2024-02-26,124562.39,100000.00
2024-02-27,124562.39,100000.00
2024-02-28,124562.39,100000.00
2024-02-29,124562.39,100000.00
2024-03-01,124484.11,100000.00
2024-03-02,124484.11,100000.00
2024-03-03,115458.80,100000.00
2024-03-04,115672.09,100000.00
2024-03-05,112426.80,100000.00
2024-03-06,112255.83,100000.00
2024-03-07,112255.83,100000.00
2024-03-08,113873.29,100000.00
2024-03-09,113873.29,100000.00
2024-03-10,112838.39,100000.00
2024-03-11,114904.55,100000.00
2024-03-12,114420.37,100000.00
2024-03-13,114420.37,100000.00
2024-03-14,114519.50,100000.00
2024-03-15,111272.37,100000.00
2024-03-16,111167.60,100000.00
2024-03-17,113297.91,100000.00
2024-03-18,113192.70,100000.00
2024-03-19,113192.70,100000.00
2024-03-20,115080.42,100000.00
2024-03-21,117768.14,100000.00
2024-03-22,117698.21,100000.00
2024-03-23,117702.53,100000.00
2024-03-24,117984.34,100000.00
2024-03-25,119782.88,100000.00
2024-03-26,119782.88,100000.00
2024-03-27,119698.41,100000.00
2024-03-28,119698.41,100000.00
2024-03-29,117282.08,100000.00
2024-03-30,117257.03,100000.00
2024-03-31,118283.88,100000.00
2024-04-01,119434.27,100000.00
2024-04-02,119434.27,100000.00
2024-04-03,119434.27,100000.00
2024-04-04,117952.13,100000.00
2024-04-05,117843.56,100000.00
2024-04-06,117843.56,100000.00
2024-04-07,117843.56,100000.00
2024-04-08,117843.56,100000.00
2024-04-09,115378.03,100000.00
2024-04-10,115481.93,100000.00
2024-04-11,116111.23,100000.00
2024-04-12,116084.47,100000.00
2024-04-13,116084.47,100000.00
2024-04-14,112298.72,100000.00
2024-04-15,112171.51,100000.00
2024-04-16,114427.02,100000.00
2024-04-17,114331.39,100000.00
2024-04-18,115334.39,100000.00
2024-04-19,117435.47,100000.00
2024-04-20,121092.42,100000.00
2024-04-21,121683.54,100000.00
2024-04-22,122767.82,100000.00
2024-04-23,122706.09,100000.00
2024-04-24,123482.01,100000.00
2024-04-25,123482.01,100000.00
2024-04-26,123290.36,100000.00
2024-04-27,121604.40,100000.00
2024-04-28,121608.85,100000.00
2024-04-29,121686.18,100000.00
2024-04-30,124234.82,100000.00
2024-05-01,124234.82,100000.00
2024-05-02,120974.60,100000.00
2024-05-03,120974.60,100000.00
2024-05-04,120974.60,100000.00
2024-05-05,120974.60,100000.00
2024-05-06,120974.60,100000.00
2024-05-07,120847.25,100000.00
2024-05-08,117804.28,100000.00
2024-05-09,118073.27,100000.00
2024-05-10,119197.21,100000.00
2024-05-11,119448.07,100000.00
2024-05-12,119409.78,100000.00
2024-05-13,119628.15,100000.00
2024-05-14,118796.65,100000.00
2024-05-15,119578.13,100000.00
2024-05-16,117192.80,100000.00
2024-05-17,118457.56,100000.00
2024-05-18,118457.56,100000.00
2024-05-19,118457.56,100000.00
2024-05-20,118408.78,100000.00
2024-05-21,115099.06,100000.00
2024-05-22,114979.45,100000.00
2024-05-23,114936.61,100000.00
2024-05-24,114086.02,100000.00
2024-05-25,114086.02,100000.00
2024-05-26,114079.86,100000.00
2024-05-27,114027.51,100000.00
2024-05-28,115051.39,100000.00
2024-05-29,114993.83,100000.00
2024-05-30,116255.99,100000.00
2024-05-31,117768.45,100000.00
2024-06-01,117768.45,100000.00
2024-06-02,118244.42,100000.00
2024-06-03,118411.51,100000.00
2024-06-04,118586.41,100000.00
2024-06-05,116645.82,100000.00
2024-06-06,117259.49,100000.00
2024-06-07,117221.95,100000.00
2024-06-08,117221.95,100000.00
2024-06-09,116174.09,100000.00
2024-06-10,116144.86,100000.00
2024-06-11,117088.79,100000.00
2024-06-12,116843.19,100000.00
2024-06-13,117876.86,100000.00
2024-06-14,119791.60,100000.00
2024-06-15,119791.60,100000.00
2024-06-16,120735.18,100000.00
2024-06-17,121113.59,100000.00
2024-06-18,121113.59,100000.00
2024-06-19,121054.01,100000.00
2024-06-20,120745.21,100000.00
2024-06-21,121990.78,100000.00
2024-06-22,121958.86,100000.00
2024-06-23,122458.63,100000.00
2024-06-24,122458.63,100000.00
2024-06-25,122458.63,100000.00
2024-06-26,122444.82,100000.00
2024-06-27,120109.81,100000.00
2024-06-28,120849.35,100000.00
2024-06-29,120819.27,100000.00
2024-06-30,121235.70,100000.00
2024-07-01,121235.70,100000.00
2024-07-02,120654.51,100000.00
2024-07-03,120654.51,100000.00
2024-07-04,120654.51,100000.00
2024-07-05,120654.51,100000.00
2024-07-06,116393.56,100000.00
2024-07-07,116635.00,100000.00
2024-07-08,116511.95,100000.00
2024-07-09,116880.44,100000.00
2024-07-10,117223.27,100000.00
2024-07-11,117152.63,100000.00
2024-07-12,117079.45,100000.00
2024-07-13,117079.45,100000.00
2024-07-14,117079.45,100000.00
2024-07-15,117079.45,100000.00
2024-07-16,117079.45,100000.00
2024-07-17,117079.45,100000.00
2024-07-18,110998.84,100000.00
2024-07-19,112645.15,100000.00
2024-07-20,112783.54,100000.00
2024-07-21,112783.54,100000.00
2024-07-22,112714.23,100000.00
2024-07-23,112714.23,100000.00
2024-07-24,112786.38,100000.00
2024-07-25,112786.38,100000.00
2024-07-26,113114.13,100000.00
2024-07-27,116059.94,100000.00
2024-07-28,116017.54,100000.00
2024-07-29,117649.51,100000.00
2024-07-30,117649.51,100000.00
2024-07-31,117593.97,100000.00
2024-08-01,117593.97,100000.00
2024-08-02,117426.46,100000.00
2024-08-03,117426.46,100000.00
2024-08-04,117426.46,100000.00
2024-08-05,117426.46,100000.00
2024-08-06,117212.56,100000.00
2024-08-07,117212.56,100000.00
2024-08-08,111148.24,100000.00
2024-08-09,111148.24,100000.00
2024-08-10,111148.24,100000.00
2024-08-11,110283.91,100000.00
2024-08-12,109271.41,100000.00
2024-08-13,109483.77,100000.00
2024-08-14,109496.21,100000.00
2024-08-15,109407.88,100000.00
2024-08-16,109244.73,100000.00
2024-08-17,109364.56,100000.00
2024-08-18,109364.56,100000.00
2024-08-19,110205.08,100000.00
2024-08-20,113516.25,100000.00
2024-08-21,115985.76,100000.00
2024-08-22,115985.76,100000.00
2024-08-23,116197.29,100000.00
2024-08-24,116197.29,100000.00
2024-08-25,116197.29,100000.00
2024-08-26,114433.85,100000.00
2024-08-27,114433.85,100000.00
2024-08-28,114433.85,100000.00
2024-08-29,114618.31,100000.00
2024-08-30,114618.31,100000.00
2024-08-31,114575.45,100000.00
2024-09-01,114575.45,100000.00
2024-09-02,114575.45,100000.00
2024-09-03,114637.54,100000.00
2024-09-04,110180.78,100000.00
2024-09-05,110180.78,100000.00
2024-09-06,113774.57,100000.00
2024-09-07,113729.81,100000.00
2024-09-08,114015.77,100000.00
2024-09-09,114194.66,100000.00
2024-09-10,114194.66,100000.00
2024-09-11,114194.66,100000.00
2024-09-12,114202.17,100000.00
2024-09-13,114142.99,100000.00
2024-09-14,114142.99,100000.00
2024-09-15,114142.99,100000.00
2024-09-16,109575.51,100000.00
2024-09-17,109211.05,100000.00
2024-09-18,109096.20,100000.00
2024-09-19,109096.20,100000.00
2024-09-20,109096.20,100000.00
2024-09-21,109034.59,100000.00
2024-09-22,104898.84,100000.00
2024-09-23,105391.50,100000.00
2024-09-24,106580.27,100000.00
2024-09-25,106584.21,100000.00
2024-09-26,106719.77,100000.00
2024-09-27,106719.77,100000.00
2024-09-28,106719.77,100000.00
2024-09-29,106659.72,100000.00
2024-09-30,106408.71,100000.00
2024-10-01,106408.71,100000.00
2024-10-02,106408.71,100000.00
2024-10-03,106408.71,100000.00
2024-10-04,104561.63,100000.00
2024-10-05,104561.63,100000.00
2024-10-06,104604.86,100000.00
2024-10-07,104604.86,100000.00
2024-10-08,104604.86,100000.00
2024-10-09,105406.67,100000.00
2024-10-10,105406.67,100000.00
2024-10-11,106194.26,100000.00
2024-10-12,106194.26,100000.00
2024-10-13,105574.01,100000.00
2024-10-14,107084.51,100000.00
2024-10-15,107084.51,100000.00
2024-10-16,107084.51,100000.00
2024-10-17,107084.51,100000.00
2024-10-18,107084.51,100000.00
2024-10-19,103624.17,100000.00
2024-10-20,104215.96,100000.00
2024-10-21,105561.95,100000.00
2024-10-22,105514.25,100000.00
2024-10-23,105514.25,100000.00
2024-10-24,105452.38,100000.00
2024-10-25,105452.38,100000.00
2024-10-26,105452.38,100000.00
2024-10-27,105686.60,100000.00
2024-10-28,105686.60,100000.00
2024-10-29,105686.60,100000.00
2024-10-30,105607.65,100000.00
2024-10-31,103175.73,100000.00
2024-11-01,103521.44,100000.00
2024-11-02,104924.81,100000.00
2024-11-03,104924.81,100000.00
2024-11-04,104833.38,100000.00
2024-11-05,105362.00,100000.00
2024-11-06,105362.00,100000.00
2024-11-07,105362.00,100000.00
2024-11-08,105362.00,100000.00
2024-11-09,100483.21,100000.00
2024-11-10,102199.76,100000.00
2024-11-11,102199.76,100000.00
2024-11-12,102199.76,100000.00
2024-11-13,102535.32,100000.00
2024-11-14,102535.32,100000.00
2024-11-15,102447.69,100000.00
2024-11-16,94803.14,100000.00
2024-11-17,94746.71,100000.00
2024-11-18,94574.26,100000.00
2024-11-19,96053.08,100000.00
2024-11-20,96053.08,100000.00
2024-11-21,96053.08,100000.00
2024-11-22,93811.16,100000.00
2024-11-23,93779.71,100000.00
2024-11-24,93741.85,100000.00
2024-11-25,93718.28,100000.00
2024-11-26,93718.28,100000.00
2024-11-27,92621.96,100000.00
2024-11-28,92621.96,100000.00
2024-11-29,92808.15,100000.00
2024-11-30,92776.45,100000.00
2024-12-01,92504.44,100000.00
2024-12-02,94411.77,100000.00
2024-12-03,94411.77,100000.00
2024-12-04,95024.50,100000.00
2024-12-05,94145.31,100000.00
2024-12-06,94078.03,100000.00
2024-12-07,94035.98,100000.00
2024-12-08,94025.56,100000.00
2024-12-09,94270.39,100000.00
2024-12-10,96271.40,100000.00
2024-12-11,99293.75,100000.00
2024-12-12,99293.75,100000.00
2024-12-13,99241.00,100000.00
2024-12-14,99241.00,100000.00
2024-12-15,99196.90,100000.00
2024-12-16,99196.90,100000.00
2024-12-17,99196.90,100000.00
2024-12-18,98885.66,100000.00
2024-12-19,98885.66,100000.00
2024-12-20,98885.66,100000.00
2024-12-21,97409.83,100000.00
2024-12-22,98541.40,100000.00
2024-12-23,98472.58,100000.00
2024-12-24,99899.97,100000.00
2024-12-25,99899.97,100000.00
2024-12-26,101219.96,100000.00
2024-12-27,101138.87,100000.00
2024-12-28,100718.29,100000.00
2024-12-29,100856.70,100000.00
2024-12-30,100764.74,100000.00
2024-12-31,101303.56,100000.00
2025-01-01,102471.77,100000.00
